Ticker,Company Name,Sector,Industry,Market Cap,Last Price,Volume,52 Week High,52 Week Low,Average Volume,P/E Ratio,Dividend Yield,Beta,Last Updated
NVDA,NVIDIA Corporation,Technology,Semiconductors,4326949126144,177.72,147115063,212.19,86.62,192344447,43.9901,0.02,2.284,2025-12-16 17:16:21
AAPL,Apple Inc.,Technology,Consumer Electronics,4075319197696,274.61,37339504,288.62,169.21,48856580,36.81099,0.38,1.107,2025-12-16 17:16:20
GOOG,Alphabet Inc.,Communication Services,Internet Content & Information,3714865430528,307.73,21031247,328.67,142.66,23415730,30.438183,0.27,1.07,2025-12-16 17:16:20
GOOGL,Alphabet Inc.,Communication Services,Internet Content & Information,3713213399040,306.57,30447191,328.83,140.53,36405222,30.233728,0.27,1.07,2025-12-16 17:16:20
MSFT,Microsoft Corporation,Technology,Software - Infrastructure,3541086240768,476.39,19938039,555.45,344.79,22586079,33.90676,0.77,1.07,2025-12-16 17:16:20
AMZN,"Amazon.com, Inc.",Consumer Cyclical,Internet Retail,2379214487552,222.56,36683069,258.6,161.38,48324217,31.435028,0.0,1.372,2025-12-16 17:16:50
META,"Meta Platforms, Inc.",Communication Services,Internet Content & Information,1656364728320,657.15,14058674,796.25,479.8,17807422,29.077435,0.32,1.273,2025-12-16 17:16:20
TSLA,"Tesla, Inc.",Consumer Cyclical,Auto Manufacturers,1629252354048,489.88,104578096,491.5,214.25,85383744,333.2517,0.0,1.878,2025-12-16 17:16:21
AVGO,Broadcom Inc.,Technology,Semiconductors,1611743100928,341.3,57852854,414.61,138.1,24968806,71.701675,0.77,1.204,2025-12-16 17:16:23
ORCL,Oracle Corporation,Technology,Software - Infrastructure,542015946752,188.65,27788208,345.72,118.86,26054777,35.393997,1.08,1.659,2025-12-16 17:16:23
NFLX,"Netflix, Inc.",Communication Services,Entertainment,400723673088,94.57,32497789,134.115,82.11,42830793,39.569035,0.0,1.706,2025-12-16 17:16:23
COST,Costco Wholesale Corporation,Consumer Defensive,Discount Stores,381943480320,860.39,3810250,1078.23,844.06,2629512,46.08409,0.6,0.982,2025-12-16 17:18:05
AMD,"Advanced Micro Devices, Inc.",Technology,Semiconductors,340537442304,209.17,23090108,267.08,76.48,56932293,109.51309,0.0,1.927,2025-12-16 17:16:21
CSCO,"Cisco Systems, Inc.",Technology,Communication Equipment,306407407616,77.55,15762934,80.82,52.11,20463122,29.942087,2.1,0.864,2025-12-16 17:16:23
IBM,International Business Machines Corporation,Technology,Information Technology Services,283393032192,303.18,2520553,324.9,214.5,5194952,36.092857,2.18,0.689,2025-12-16 17:16:24
CAT,Caterpillar Inc.,Industrials,Farm & Heavy Construction Machinery,275901284352,588.93,2311831,627.5,267.3,2936315,30.263618,1.02,1.563,2025-12-16 17:18:20
MU,"Micron Technology, Inc.",Technology,Semiconductors,261655068672,232.51,22044025,264.75,61.54,25934276,30.59342,0.19,1.548,2025-12-16 17:16:26
CRM,"Salesforce, Inc.",Technology,Software - Application,242674319360,254.91,4691720,367.09,221.96,8622138,34.078876,0.65,1.253,2025-12-16 17:16:23
RTX,RTX Corporation,Industrials,Aerospace & Defense,241245093888,179.93,3196567,182.28,112.27,4690626,37.022633,1.49,0.435,2025-12-16 17:18:20
MCD,McDonald's Corporation,Consumer Cyclical,Restaurants,224428589056,314.5,2167556,326.32,276.53,3183196,26.811596,2.33,0.521,2025-12-16 17:16:53
TMUS,"T-Mobile US, Inc.",Communication Services,Telecom Services,222832967680,198.0,5624548,276.49,194.01,4917257,19.075144,2.08,0.436,2025-12-16 17:17:12
SHOP,Shopify Inc.,Technology,Software - Application,212382662656,163.14,5445569,182.19,69.84,8520158,119.95588,0.0,2.83,2025-12-16 17:20:22
AMAT,"Applied Materials, Inc.",Technology,Semiconductor Equipment & Materials,206202929152,258.84,5731768,276.1,123.74,8376771,29.9237,0.7,1.666,2025-12-16 17:16:26
LRCX,Lam Research Corporation,Technology,Semiconductor Equipment & Materials,205876133888,163.26,7932326,169.69,56.32,11374846,36.039734,0.63,1.781,2025-12-16 17:16:26
PEP,"PepsiCo, Inc.",Consumer Defensive,Beverages - Non-Alcoholic,205868138496,150.37,7484453,160.15,127.6,7412325,28.58745,3.76,0.421,2025-12-16 17:18:07
DIS,The Walt Disney Company,Communication Services,Entertainment,200685371392,111.62,14693131,124.69,80.1,10306601,16.294891,1.36,1.497,2025-12-16 17:17:10
ISRG,"Intuitive Surgical, Inc.",Healthcare,Medical Instruments & Supplies,198803914752,554.58,1946035,616.0,425.0,2224184,73.45431,0.0,1.686,2025-12-16 17:17:25
QCOM,QUALCOMM Incorporated,Technology,Semiconductors,190033494016,176.12,7130215,205.95,120.8,10058455,35.224,1.99,1.214,2025-12-16 17:16:21
GEV,GE Vernova Inc.,Industrials,Specialty Industrial Machinery,186805501952,686.22,3565442,731.0,252.25,3171469,111.94453,0.18,0.0,2025-12-16 17:20:06
INTU,Intuit Inc.,Technology,Software - Application,186347028480,669.35,1771761,813.7,532.65,1845033,46.066757,0.68,1.267,2025-12-16 17:16:26
ACN,Accenture plc,Technology,Information Technology Services,179642400768,272.04,4640114,398.35,229.4,4554547,22.408567,2.37,1.261,2025-12-16 17:16:24
INTC,Intel Corporation,Technology,Semiconductors,177968709632,37.31,49631798,44.02,17.67,116288731,621.8334,0.0,1.344,2025-12-16 17:16:21
BKNG,Booking Holdings Inc.,Consumer Cyclical,Travel Services,176210280448,5436.93,202196,5839.41,4096.23,276919,35.452076,0.7,1.254,2025-12-16 17:16:51
AMGN,Amgen Inc.,Healthcare,Drug Manufacturers - General,175943155712,326.74,2578960,346.38,253.3,2723496,25.309063,2.97,0.447,2025-12-16 17:17:22
NEE,"NextEra Energy, Inc.",Utilities,Utilities - Regulated Electric,169357819904,81.32,4427918,87.53,61.72,10156155,25.815872,2.78,0.733,2025-12-16 17:19:43
NOW,"ServiceNow, Inc.",Technology,Software - Application,162590916608,781.12,3328552,1198.09,678.66,1495771,94.56658,0.0,0.972,2025-12-16 17:16:24
BA,The Boeing Company,Industrials,Aerospace & Defense,161868660736,206.71,5007414,242.69,128.88,8799649,0,0.0,1.175,2025-12-16 17:18:21
TXN,Texas Instruments Incorporated,Technology,Semiconductors,161426391040,177.56,5701322,221.69,139.95,7737765,32.40146,3.19,0.989,2025-12-16 17:16:24
KLAC,KLA Corporation,Technology,Semiconductor Equipment & Materials,161098907648,1223.37,735363,1284.47,551.33,1040450,38.410362,0.62,1.437,2025-12-16 17:16:26
ADBE,Adobe Inc.,Technology,Software - Application,147574947840,347.89,3845247,465.86,311.59,4158823,20.819271,0.0,1.54,2025-12-16 17:16:23
GILD,"Gilead Sciences, Inc.",Healthcare,Drug Manufacturers - General,147383042048,118.78,6206896,128.7,88.57,7365092,18.386997,2.64,0.331,2025-12-16 17:17:22
ADI,"Analog Devices, Inc.",Technology,Semiconductors,136319705088,278.4,3326572,284.23,158.65,3646258,60.919033,1.41,1.039,2025-12-16 17:20:07
HON,Honeywell International Inc.,Industrials,Conglomerates,133601402880,198.26,4215430,227.82281,169.04807,4608640,20.913502,2.32,0.949,2025-12-16 17:18:18
DE,Deere & Company,Industrials,Farm & Heavy Construction Machinery,131228704768,485.44,1292550,533.78,403.01,1430557,26.24,1.33,1.007,2025-12-16 17:18:20
WELL,Welltower Inc.,Real Estate,REIT - Healthcare Facilities,130676858880,190.4,2804092,209.05,123.11,3535560,131.31033,1.55,0.84,2025-12-16 17:19:31
PANW,"Palo Alto Networks, Inc.",Technology,Software - Infrastructure,130401730560,187.09,5444597,223.61,144.15,5533393,118.411385,0.0,0.786,2025-12-16 17:16:29
CRWD,"CrowdStrike Holdings, Inc.",Technology,Software - Infrastructure,123157643264,488.53,1668617,566.9,298.0,2611971,0,0.0,1.094,2025-12-16 17:16:29
SPOT,Spotify Technology S.A.,Communication Services,Internet Content & Information,119227047936,579.07,1454932,785.0,443.21,1809015,73.766884,0.0,1.659,2025-12-16 17:17:13
PLD,"Prologis, Inc.",Real Estate,REIT - Industrial,118532718592,127.61,3217755,131.7,85.35,3486347,37.09593,3.09,1.407,2025-12-16 17:19:28
VRTX,Vertex Pharmaceuticals Incorporated,Healthcare,Biotechnology,116647493632,454.96,1144431,519.68,362.5,1495258,31.994373,0.0,0.321,2025-12-16 17:17:22
LMT,Lockheed Martin Corporation,Industrials,Aerospace & Defense,111376842752,477.06,1057034,516.0,410.11,1345133,26.54758,2.85,0.241,2025-12-16 17:18:19
CMCSA,Comcast Corporation,Communication Services,Telecom Services,109769302016,29.73,74854406,39.12,25.75,31677068,4.938538,4.68,0.829,2025-12-16 17:17:12
NEM,Newmont Corporation,Basic Materials,Gold,107681021952,98.03,5968679,102.13,36.86,11327784,15.245724,1.0,0.431,2025-12-16 17:19:13
HOOD,"Robinhood Markets, Inc.",Financial Services,Capital Markets,107363147776,119.4,20842261,153.86,29.66,32295755,49.75,0.0,2.433,2025-12-16 17:18:41
CVNA,Carvana Co.,Consumer Cyclical,Auto & Truck Dealerships,98684592128,455.18,3426797,485.33,148.25,3540053,103.68565,0.0,3.52,2025-12-16 17:20:23
DASH,"DoorDash, Inc.",Consumer Cyclical,Internet Retail,98241806336,227.94,4079954,285.5,155.4,5007179,115.70558,0.0,1.716,2025-12-16 17:20:25
MELI,"MercadoLibre, Inc.",Consumer Cyclical,Internet Retail,98034155520,1933.72,885795,2645.22,1646.0,538906,47.267662,0.0,1.425,2025-12-16 17:18:40
SBUX,Starbucks Corporation,Consumer Cyclical,Restaurants,96744472576,85.08,7470229,117.46,75.5,9851982,52.19632,2.9,0.977,2025-12-16 17:16:51
SO,The Southern Company,Utilities,Utilities - Regulated Electric,94375698432,85.71,4648007,100.84,80.46,5996287,21.320896,3.44,0.444,2025-12-16 17:19:43
GD,General Dynamics Corporation,Industrials,Aerospace & Defense,91162943488,337.49,587488,360.5,239.2,1162955,21.872326,1.76,0.405,2025-12-16 17:18:21
DUK,Duke Energy Corporation,Utilities,Utilities - Regulated Electric,89889857536,115.59,3207544,130.03,105.2,3159296,18.20315,3.65,0.477,2025-12-16 17:19:43
DELL,Dell Technologies Inc.,Technology,Computer Hardware,89639272448,133.75,5351787,168.08,66.25,7413336,17.881016,1.61,1.109,2025-12-16 17:16:35
SNPS,"Synopsys, Inc.",Technology,Software - Infrastructure,88298881024,463.34,1936067,651.73,365.74,2581077,57.557762,0.0,1.154,2025-12-16 17:16:27
CDNS,"Cadence Design Systems, Inc.",Technology,Software - Application,87068721152,319.53,2046372,376.45,221.56,1765112,82.35309,0.0,1.051,2025-12-16 17:16:27
UPS,"United Parcel Service, Inc.",Industrials,Integrated Freight & Logistics,84931878912,100.11,3618388,136.99,82.0,7432228,15.472953,6.56,1.094,2025-12-16 17:18:18
AMT,American Tower Corporation,Real Estate,REIT - Specialty,83877847040,179.13,3117716,234.33,172.51,3113496,28.56938,3.77,0.915,2025-12-16 17:19:28
MAR,"Marriott International, Inc.",Consumer Cyclical,Lodging,83057950720,305.97,1991592,310.23,205.4,1594634,32.3094,0.87,1.156,2025-12-16 17:16:51
SHW,The Sherwin-Williams Company,Basic Materials,Specialty Chemicals,81748910080,327.87,985924,379.65,308.84,1943998,31.987316,0.96,1.241,2025-12-16 17:19:13
NOC,Northrop Grumman Corporation,Industrials,Aerospace & Defense,81431019520,568.72,481441,640.9,426.24,751207,20.494413,1.6,0.046,2025-12-16 17:18:21
ABNB,"Airbnb, Inc.",Consumer Cyclical,Travel Services,80821223424,132.01,4388339,163.93,99.88,4916898,31.430952,0.0,1.118,2025-12-16 17:16:52
REGN,"Regeneron Pharmaceuticals, Inc.",Healthcare,Biotechnology,79104786432,746.36,713101,790.98,476.49,1110488,17.898321,0.47,0.368,2025-12-16 17:17:23
ORLY,"O'Reilly Automotive, Inc.",Consumer Cyclical,Auto Parts,78596407296,92.9,5638698,108.72,78.3,5185103,32.256943,0.0,0.616,2025-12-16 17:16:52
NU,Nu Holdings Ltd.,Financial Services,Banks - Regional,78498332672,16.2,45389480,17.84,9.01,39620387,31.153849,0.0,1.078,2025-12-16 17:18:42
CTAS,Cintas Corporation,Industrials,Specialty Business Services,75601575936,187.62,1964256,229.24,180.39,2196782,41.693333,0.96,0.963,2025-12-16 17:16:54
SNOW,Snowflake Inc.,Technology,Software - Application,75489320960,220.6,4679556,280.67,120.1,4948715,0,0.0,1.092,2025-12-16 17:16:30
EQIX,"Equinix, Inc.",Real Estate,REIT - Specialty,74439778304,758.15,582188,971.43,701.41,540055,69.61892,2.46,1.037,2025-12-16 17:19:29
ECL,Ecolab Inc.,Basic Materials,Specialty Chemicals,73609166848,259.53,947655,286.04,221.62,1507160,37.342445,1.12,0.982,2025-12-16 17:19:12
MNST,Monster Beverage Corporation,Consumer Defensive,Beverages - Non-Alcoholic,73608773632,75.34,5030011,76.28,45.7,5520353,42.806816,0.0,0.477,2025-12-16 17:18:07
MRVL,"Marvell Technology, Inc.",Technology,Semiconductors,72476745728,84.07,9440693,127.48,47.09,20562512,29.602114,0.28,1.931,2025-12-16 17:20:06
CMI,Cummins Inc.,Industrials,Specialty Industrial Machinery,71023796224,514.53,402604,526.5,260.02,943492,26.673407,1.55,1.104,2025-12-16 17:18:27
MDLZ,"Mondelez International, Inc.",Consumer Defensive,Confectioners,69834235904,53.97,12563074,71.15,53.13,9084307,20.213484,3.69,0.397,2025-12-16 17:18:07
NET,"Cloudflare, Inc.",Technology,Software - Infrastructure,69191032832,197.53,2129592,260.0,89.42,2708131,0,0.0,1.949,2025-12-16 17:16:30
FCX,Freeport-McMoRan Inc.,Basic Materials,Copper,68264144896,47.54,12315450,49.12,27.66,19557785,33.24476,1.26,1.484,2025-12-16 17:19:13
COIN,"Coinbase Global, Inc.",Financial Services,Financial Data & Stock Exchanges,68118208512,252.61,6599271,444.65,142.58,9804665,21.833189,0.0,3.691,2025-12-16 17:18:39
HLT,Hilton Worldwide Holdings Inc.,Consumer Cyclical,Lodging,67225427968,285.83,1867840,287.4,196.04,1778901,41.48476,0.21,1.156,2025-12-16 17:16:58
FTNT,"Fortinet, Inc.",Technology,Software - Infrastructure,63193960448,82.47,5262479,114.82,70.12,5365036,33.93827,0.0,1.101,2025-12-16 17:16:27
ADSK,"Autodesk, Inc.",Technology,Software - Application,62617743360,293.98,1468714,329.09,232.67,1442022,57.083496,0.0,1.475,2025-12-16 17:16:27
RBLX,Roblox Corporation,Communication Services,Electronic Gaming & Multimedia,61376368640,87.44,6665020,150.59,50.1,7537873,0,0.0,1.625,2025-12-16 17:17:13
AEP,"American Electric Power Company, Inc.",Utilities,Utilities - Regulated Electric,61325381632,114.57,2264170,124.8,89.91,3509363,16.774525,3.28,0.598,2025-12-16 17:19:44
ROST,"Ross Stores, Inc.",Consumer Cyclical,Apparel Retail,59321270272,182.4,2620330,185.85,122.36,2633315,28.544601,0.88,1.038,2025-12-16 17:16:52
PCAR,PACCAR Inc,Industrials,Farm & Heavy Construction Machinery,58906923008,112.16,3523467,115.43,84.65,3254080,22.035364,1.17,1.017,2025-12-16 17:18:22
PYPL,"PayPal Holdings, Inc.",Financial Services,Credit Services,58593361920,61.33,16268929,93.245,55.85,16854852,12.315262,0.92,1.439,2025-12-16 17:18:39
NXPI,NXP Semiconductors N.V.,Technology,Semiconductors,57923325952,229.75,2455590,255.45,148.09,2695874,28.399258,1.75,1.469,2025-12-16 17:20:07
WDAY,"Workday, Inc.",Technology,Software - Application,57701371904,216.11,2803158,283.68,205.33,2969339,91.57204,0.0,1.151,2025-12-16 17:16:29
SRE,Sempra,Utilities,Utilities - Diversified,57377234944,87.91,2361708,95.72,61.9,3886592,27.049232,2.91,0.733,2025-12-16 17:19:44
AZO,"AutoZone, Inc.",Consumer Cyclical,Auto Parts,56677908480,3417.42,132428,4388.11,3162.0,143131,23.833042,0.0,0.405,2025-12-16 17:16:55
IDXX,"IDEXX Laboratories, Inc.",Healthcare,Diagnostics & Research,55457652736,693.18,705047,769.98,356.14,526612,54.970657,0.0,1.668,2025-12-16 17:17:24
APD,"Air Products and Chemicals, Inc.",Basic Materials,Specialty Chemicals,53922852864,242.25,2269323,341.14,229.11,1447506,0,2.92,0.863,2025-12-16 17:19:12
LHX,"L3Harris Technologies, Inc.",Industrials,Aerospace & Defense,52919767040,282.85,915159,308.12,193.09,1119887,30.446718,1.66,0.656,2025-12-16 17:18:21
O,Realty Income Corporation,Real Estate,REIT - Retail,52839387136,57.44,5330263,61.09,50.71,5835753,53.68224,5.55,0.809,2025-12-16 17:19:41
DLR,"Digital Realty Trust, Inc.",Real Estate,REIT - Specialty,52553596928,150.28,2099542,187.74,129.95,1735369,39.033768,3.19,1.123,2025-12-16 17:19:29
ALNY,"Alnylam Pharmaceuticals, Inc.",Healthcare,Biotechnology,51678961664,391.17,1327897,495.55,205.87,1115914,1261.8387,0.0,0.298,2025-12-16 17:17:43
EA,Electronic Arts Inc.,Communication Services,Electronic Gaming & Multimedia,51071672320,204.2,1607384,204.64,115.21,3308420,59.533527,0.37,0.757,2025-12-16 17:16:31
D,"Dominion Energy, Inc.",Utilities,Utilities - Regulated Electric,50671214592,59.34,4086602,62.87,48.07,5142592,19.392157,4.46,0.68,2025-12-16 17:19:43
DDOG,"Datadog, Inc.",Technology,Software - Application,49111441408,140.05,3862677,201.69,81.63,4469112,451.7742,0.0,1.234,2025-12-16 17:16:29
GWW,"W.W. Grainger, Inc.",Industrials,Industrial Distribution,48888381440,1022.08,259477,1139.15,893.99,288166,28.605654,0.88,1.116,2025-12-16 17:18:31
FAST,Fastenal Company,Industrials,Industrial Distribution,48607834112,42.34,8212956,50.63,35.305,6747628,39.943398,2.07,0.884,2025-12-16 17:16:54
CMG,"Chipotle Mexican Grill, Inc.",Consumer Cyclical,Restaurants,47815958528,35.66,16977084,64.87,29.75,22598488,31.557522,0.0,0.991,2025-12-16 17:16:51
PSA,Public Storage,Real Estate,REIT - Industrial,46932848640,267.48,1698798,322.49,256.6,1003012,27.746887,4.41,0.986,2025-12-16 17:19:29
LVS,Las Vegas Sands Corp.,Consumer Cyclical,Resorts & Casinos,46212059136,67.32,3400946,70.45,30.18,5677766,30.324324,1.49,0.967,2025-12-16 17:16:59
MPWR,"Monolithic Power Systems, Inc.",Technology,Semiconductors,45576802304,951.36,516023,1123.38,438.86,618668,24.381342,0.66,1.472,2025-12-16 17:20:07
CARR,Carrier Global Corporation,Industrials,Building Products & Equipment,45478658048,53.44,8080906,81.09,50.3,6844692,33.399998,1.83,1.298,2025-12-16 17:18:26
TTWO,"Take-Two Interactive Software, Inc.",Communication Services,Electronic Gaming & Multimedia,45183967232,244.53,1461312,264.79,177.35,1657593,0,0.0,0.957,2025-12-16 17:16:31
CTVA,"Corteva, Inc.",Basic Materials,Agricultural Inputs,44467470336,65.48,1828133,77.41,53.4,4564917,26.510122,1.09,0.738,2025-12-16 17:19:15
EXC,Exelon Corporation,Utilities,Utilities - Regulated Electric,44197040128,43.76,6058748,48.51,35.94,7405388,15.6845875,3.65,0.55,2025-12-16 17:19:44
XEL,Xcel Energy Inc.,Utilities,Utilities - Regulated Electric,43614228480,73.73,11240737,83.01,62.58,4906023,22.47866,3.01,0.453,2025-12-16 17:19:46
FICO,Fair Isaac Corporation,Technology,Software - Application,43017670656,1792.13,181639,2217.6,1300.0,278280,67.44938,0.0,1.289,2025-12-16 17:16:47
INSM,Insmed Incorporated,Healthcare,Biotechnology,42797588480,200.67,3628488,212.75,60.4,2416533,0,0.0,1.017,2025-12-16 17:17:56
TEAM,Atlassian Corporation,Technology,Software - Application,42001190912,159.56,1576509,326.0,139.7,2814879,0,0.0,0.9,2025-12-16 17:16:29
YUM,"Yum! Brands, Inc.",Consumer Cyclical,Restaurants,41933905920,151.03,2333360,163.3,122.13,2050261,29.383268,1.85,0.668,2025-12-16 17:16:54
PAYX,"Paychex, Inc.",Technology,Software - Application,41467002880,115.22,4099971,161.24,108.0,3280177,25.776287,3.74,0.898,2025-12-16 17:18:23
GRMN,Garmin Ltd.,Technology,Scientific & Technical Instruments,39853944832,207.04,1077611,261.69,169.26,968212,25.560492,1.74,1.014,2025-12-16 17:16:59
KDP,Keurig Dr Pepper Inc.,Consumer Defensive,Beverages - Non-Alcoholic,38841892864,28.59,17511315,36.12,25.03,18110349,24.646553,3.15,0.359,2025-12-16 17:18:07
VMC,Vulcan Materials Company,Basic Materials,Building Materials,38583545856,292.01,782883,311.74,215.08,944346,34.51655,0.66,1.064,2025-12-16 17:19:26
FLUT,Flutter Entertainment plc,Consumer Cyclical,Gambling,38424227840,219.34,1144612,313.685,189.33,2703792,0,0.0,1.183,2025-12-16 17:20:32
CCI,Crown Castle Inc.,Real Estate,REIT - Specialty,38278606848,87.9,2864194,115.76,84.2,2968784,0,4.75,0.959,2025-12-16 17:19:29
MLM,"Martin Marietta Materials, Inc.",Basic Materials,Building Materials,37962743808,629.49,349790,665.18,441.95,375534,32.347893,0.52,1.16,2025-12-16 17:19:22
CPRT,"Copart, Inc.",Industrials,Specialty Business Services,37897891840,39.15,11293219,63.85,38.18,8083442,24.018406,0.0,1.119,2025-12-16 17:16:54
EBAY,eBay Inc.,Consumer Cyclical,Internet Retail,37323190272,81.67,4356550,101.15,58.71,5296100,18.108646,1.4,1.341,2025-12-16 17:16:52
NUE,Nucor Corporation,Basic Materials,Steel,37134602240,162.26,986472,168.07,97.59,1597039,22.821377,1.38,1.862,2025-12-16 17:19:24
ZS,"Zscaler, Inc.",Technology,Software - Infrastructure,37121703936,232.78,2236938,336.99,164.78,1647792,0,0.0,1.066,2025-12-16 17:16:29
FISV,"Fiserv, Inc.",N/A,N/A,36801253376,67.7,19074635,238.59,59.56,10527206,10.463678,0.0,0.0,2025-12-16 17:18:40
VEEV,Veeva Systems Inc.,Healthcare,Health Information Services,36048941056,219.3,1645733,310.5,201.54,1361826,42.74854,0.0,1.055,2025-12-16 17:16:32
ED,"Consolidated Edison, Inc.",Utilities,Utilities - Regulated Electric,35696533504,98.9,1790323,114.87,87.28,2090930,17.29021,3.42,0.362,2025-12-16 17:19:46
MCHP,Microchip Technology Incorporated,Technology,Semiconductors,35615449088,65.9,6885329,77.2,34.13,8411604,0,2.71,1.463,2025-12-16 17:16:27
EXPE,"Expedia Group, Inc.",Consumer Cyclical,Travel Services,35261415424,285.02,2361381,289.96,130.01,2110596,27.485052,0.56,1.442,2025-12-16 17:16:56
MDB,"MongoDB, Inc.",Technology,Software - Infrastructure,34306627584,421.5,1610783,432.55,140.78,1881544,0,0.0,1.454,2025-12-16 17:16:38
WEC,"WEC Energy Group, Inc.",Utilities,Utilities - Regulated Electric,33986742272,104.48,1267658,118.19,91.94,2176088,19.787878,3.62,0.556,2025-12-16 17:19:46
SOFI,"SoFi Technologies, Inc.",Financial Services,Credit Services,33502722048,26.58,43978424,32.73,8.6,72941890,47.464287,0.0,1.941,2025-12-16 17:18:41
XYL,Xylem Inc.,Industrials,Specialty Industrial Machinery,33501343744,137.6,853047,154.27,100.47,1321223,35.463917,1.16,1.174,2025-12-16 17:19:28
ODFL,"Old Dominion Freight Line, Inc.",Industrials,Trucking,32983789568,156.94,2207740,209.61,126.01,2297125,31.577467,0.71,1.274,2025-12-16 17:16:55
QSR,Restaurant Brands International Inc.,Consumer Cyclical,Restaurants,32208390144,70.47,952828,73.7,58.71,2735722,24.989363,3.49,0.611,2025-12-16 17:17:10
FOXA,Fox Corporation,Communication Services,Entertainment,31235809280,70.36,2601198,72.96,46.42,3561950,15.811236,0.79,0.512,2025-12-16 17:17:15
TER,"Teradyne, Inc.",Technology,Semiconductor Equipment & Materials,30588250112,192.29,3294924,205.0,65.77,3601398,69.92364,0.25,1.848,2025-12-16 17:20:09
VRSK,"Verisk Analytics, Inc.",Industrials,Consulting Services,30407567360,217.64,1288155,322.92,197.0,1455971,33.483078,0.83,0.814,2025-12-16 17:18:22
FOX,Fox Corporation,Communication Services,Entertainment,29465006080,62.57,1218579,64.22,43.18,1625195,14.060675,0.89,0.512,2025-12-16 17:17:16
LPLA,LPL Financial Holdings Inc.,Financial Services,Capital Markets,29451444224,367.97,804018,403.58,262.83,819588,34.325558,0.32,0.6,2025-12-16 17:18:40
KHC,The Kraft Heinz Company,Consumer Defensive,Packaged Foods,29212618752,24.68,18718361,33.35,23.7,15458642,0,6.53,0.073,2025-12-16 17:18:07
EXR,Extra Space Storage Inc.,Real Estate,REIT - Industrial,28963309568,130.7,943490,162.77,121.03,1132200,29.239374,4.86,1.269,2025-12-16 17:19:35
CHTR,"Charter Communications, Inc.",Communication Services,Telecom Services,28860309504,211.29,1765050,437.06,193.0,1969239,5.8594007,0.0,1.065,2025-12-16 17:17:12
EME,"EMCOR Group, Inc.",Industrials,Engineering & Construction,27958968320,624.56,238128,778.64,320.89,620598,25.143316,0.16,1.17,2025-12-16 17:18:29
FSLR,"First Solar, Inc.",Technology,Solar,27740229632,258.51,1418764,281.55,116.56,2228276,19.85484,0.0,1.589,2025-12-16 17:19:02
ATO,Atmos Energy Corporation,Utilities,Utilities - Regulated Gas,27164481536,168.0,1064658,180.65,136.05,981060,22.520107,2.34,0.747,2025-12-16 17:19:48
PSNY,Polestar Automotive Holding UK PLC,Consumer Cyclical,Auto Manufacturers,26999779328,12.74,191765,42.6,11.75,215424,0,0.0,1.917,2025-12-16 17:20:04
DOV,Dover Corporation,Industrials,Specialty Industrial Machinery,26965694464,196.61,1282674,222.31,143.04,1175538,25.56697,1.03,1.309,2025-12-16 17:19:19
CSGP,"CoStar Group, Inc.",Real Estate,Real Estate Services,26963605504,63.62,4761359,97.43,62.0,3850488,1060.3334,0.0,0.839,2025-12-16 17:16:48
FCNCA,"First Citizens BancShares, Inc.",Financial Services,Banks - Regional,26783821824,2091.85,99057,2412.93,1473.62,126406,12.385873,0.4,0.712,2025-12-16 17:18:55
DLTR,"Dollar Tree, Inc.",Consumer Defensive,Discount Stores,26750380032,131.15,3376788,132.48,61.8,4203268,24.792059,0.0,0.752,2025-12-16 17:16:55
DTE,DTE Energy Company,Utilities,Utilities - Regulated Electric,26720495616,128.66,1134321,143.79,116.3,1337530,19.289356,3.44,0.467,2025-12-16 17:19:52
BR,"Broadridge Financial Solutions, Inc.",Technology,Information Technology Services,26552018944,227.47,442120,271.91,212.33,686400,29.088234,1.7,0.994,2025-12-16 17:16:46
AEE,Ameren Corporation,Utilities,Utilities - Regulated Electric,26505795584,97.99,1297151,106.73,86.4,1697850,18.84423,2.87,0.581,2025-12-16 17:19:46
ULTA,"Ulta Beauty, Inc.",Consumer Cyclical,Specialty Retail,26421903360,589.27,590638,611.9,309.01,652022,22.603376,0.0,0.866,2025-12-16 17:16:55
ZM,"Zoom Communications, Inc.",Technology,Software - Application,26310531072,87.91,2576063,91.425,64.41,2920215,17.103113,0.0,0.808,2025-12-16 17:17:13
DXCM,"DexCom, Inc.",Healthcare,Medical Devices,26027345920,66.37,4435312,93.25,54.11,6651215,36.872223,0.0,1.515,2025-12-16 17:17:25
AWK,"American Water Works Company, Inc.",Utilities,Utilities - Regulated Water,25896800256,132.72,2633448,155.5,118.74,1811385,23.325132,2.47,0.751,2025-12-16 17:19:50
FE,FirstEnergy Corp.,Utilities,Utilities - Regulated Electric,25434613760,44.03,3260168,48.2,37.58,4738733,19.143478,3.99,0.648,2025-12-16 17:19:53
AVB,"AvalonBay Communities, Inc.",Real Estate,REIT - Residential,25193252864,176.94,528720,230.21,166.73,955003,21.578049,3.94,0.743,2025-12-16 17:19:31
BIIB,Biogen Inc.,Healthcare,Drug Manufacturers - General,25159440384,171.5,2375366,185.17,110.04,1827465,15.633546,0.0,0.128,2025-12-16 17:17:22
PPL,PPL Corporation,Utilities,Utilities - Regulated Electric,25136336896,33.98,4736566,38.27,31.22,5961584,23.115646,3.18,0.703,2025-12-16 17:19:59
CFG,"Citizens Financial Group, Inc.",Financial Services,Banks - Regional,25078630400,58.14,3118085,59.305,32.6,4904714,16.285715,3.15,1.106,2025-12-16 17:18:52
CNP,"CenterPoint Energy, Inc.",Utilities,Utilities - Regulated Electric,24841637888,38.05,3891689,40.5,30.59,5061992,24.082277,2.41,0.558,2025-12-16 17:19:51
LULU,lululemon athletica inc.,Consumer Cyclical,Apparel Retail,24517124096,206.74,5069853,423.32,159.25,4356795,14.376913,0.0,1.012,2025-12-16 17:16:52
AFRM,"Affirm Holdings, Inc.",Technology,Software - Infrastructure,24224104448,73.39,10942400,100.0,30.901,5839857,106.36232,0.0,3.575,2025-12-16 17:18:42
IRM,Iron Mountain Incorporated,Real Estate,REIT - Specialty,23942750208,81.0,2062515,112.18,72.33,1837415,150.0,4.19,1.148,2025-12-16 17:19:37
EQR,Equity Residential,Real Estate,REIT - Residential,23901014016,60.73,1351474,75.86,58.38,2431395,19.976974,4.53,0.759,2025-12-16 17:19:31
PPG,"PPG Industries, Inc.",Basic Materials,Specialty Chemicals,23405088768,103.7,1879417,124.81,90.24,1990911,18.550983,2.74,1.158,2025-12-16 17:19:25
HPQ,HP Inc.,Technology,Computer Hardware,23208646656,24.83,7387271,35.28,21.21,12351996,9.369811,4.9,1.231,2025-12-16 17:16:36
VRSN,"VeriSign, Inc.",Technology,Software - Infrastructure,22628231168,242.25,557152,310.6,191.12,941646,28.201397,1.27,0.778,2025-12-16 17:16:32
UTHR,United Therapeutics Corporation,Healthcare,Drug Manufacturers - Specialty & Generic,22613131264,500.0,460558,502.77,266.98,615412,18.968134,0.0,0.861,2025-12-16 17:17:29
NTAP,"NetApp, Inc.",Technology,Software - Infrastructure,22574841856,113.09,1637593,127.78,71.84,2030149,19.702091,1.82,1.414,2025-12-16 17:16:33
IOT,Samsara Inc.,Technology,Software - Infrastructure,22491617280,38.98,4817679,61.9,31.4,5152988,0,0.0,1.612,2025-12-16 17:16:37
RPRX,Royalty Pharma plc,Healthcare,Biotechnology,22382229504,38.38,6070299,41.24,24.05,4298506,21.931429,2.28,0.46,2025-12-16 17:17:33
ON,ON Semiconductor Corporation,Technology,Semiconductors,22313621504,54.56,7830832,70.58,31.04,9014431,74.73972,0.0,1.571,2025-12-16 17:20:08
RIVN,"Rivian Automotive, Inc.",Consumer Cyclical,Auto Manufacturers,21943842816,17.9,42771182,19.6,10.36,49148979,0,0.0,1.796,2025-12-16 17:20:00
CMS,CMS Energy Corporation,Utilities,Utilities - Regulated Electric,21274996736,69.91,1646162,76.45,63.97,2436092,20.146975,3.07,0.471,2025-12-16 17:19:51
SSNC,"SS&C Technologies Holdings, Inc.",Technology,Software - Application,21117759488,86.47,1173520,91.07,69.61,1346874,25.658754,1.25,1.202,2025-12-16 17:16:46
TWLO,Twilio Inc.,Technology,Software - Infrastructure,21097119744,137.5,3373235,151.95,77.512,2392731,327.38095,0.0,1.324,2025-12-16 17:17:14
PTC,PTC Inc.,Technology,Software - Application,20877471744,174.28,908805,219.69,133.38,857973,28.711697,0.0,1.03,2025-12-16 17:16:35
BE,Bloom Energy Corporation,Industrials,Electrical Equipment & Parts,20720707584,87.61,17123199,147.86,15.15,15233093,1095.125,0.0,3.005,2025-12-16 17:18:59
TOST,"Toast, Inc.",Technology,Software - Infrastructure,20556478464,34.96,4146535,49.66,28.122,8446834,79.454544,0.0,1.944,2025-12-16 17:18:42
TSN,"Tyson Foods, Inc.",Consumer Defensive,Farm Products,20544217088,58.19,1785736,64.36,50.56,3152222,43.751877,3.43,0.463,2025-12-16 17:18:16
IP,International Paper Company,Consumer Cyclical,Packaging & Containers,20387559424,38.61,2510404,60.15,35.56,4879620,0,4.79,1.056,2025-12-16 17:19:21
EXPD,"Expeditors International of Washington, Inc.",Industrials,Integrated Freight & Logistics,20355063808,149.98,1041828,155.04,100.47,1376985,24.42671,1.02,1.143,2025-12-16 17:18:24
PODD,Insulet Corporation,Healthcare,Medical Devices,20324438016,288.73,957414,354.88,230.05,663788,83.93314,0.0,1.375,2025-12-16 17:17:26
SBAC,SBA Communications Corporation,Real Estate,REIT - Specialty,20244838400,189.98,658911,245.16,185.13,1021801,23.866833,2.3,0.861,2025-12-16 17:19:29
ILMN,"Illumina, Inc.",Healthcare,Diagnostics & Research,20220772352,131.56,1767599,153.06,68.7,1796673,29.431768,0.0,1.442,2025-12-16 17:17:23
GPN,Global Payments Inc.,Industrials,Specialty Business Services,19757922304,81.44,1238797,116.16,65.93,2285090,12.358118,1.23,0.824,2025-12-16 17:18:43
NI,NiSource Inc.,Utilities,Utilities - Regulated Gas,19606024192,41.43,2563829,44.88,35.36,4170852,21.805264,2.68,0.626,2025-12-16 17:19:55
HUBS,"HubSpot, Inc.",Technology,Software - Application,19514894336,370.35,808793,881.13,344.41,880988,0,0.0,1.459,2025-12-16 17:16:41
EXAS,Exact Sciences Corporation,Healthcare,Diagnostics & Research,19310571520,101.76,2427966,101.95,38.81,5228880,0,0.0,1.419,2025-12-16 17:17:25
U,Unity Software Inc.,Technology,Software - Application,19072075776,44.57,7168713,52.15,15.33,9826592,0,0.0,2.045,2025-12-16 17:17:15
INCY,Incyte Corporation,Healthcare,Biotechnology,19049191424,97.03,2012924,109.28,53.56,2221980,16.445763,0.0,0.815,2025-12-16 17:17:25
JBHT,"J.B. Hunt Transport Services, Inc.",Industrials,Integrated Freight & Logistics,19046225920,196.76,905989,204.43,122.79,1464190,34.100517,0.89,1.276,2025-12-16 17:18:23
SMCI,"Super Micro Computer, Inc.",Technology,Computer Hardware,18900105216,31.66,15516280,66.44,25.71,28397019,24.929134,0.0,1.516,2025-12-16 17:16:35
CHRW,"C.H. Robinson Worldwide, Inc.",Industrials,Integrated Freight & Logistics,18788536320,159.04,1451353,162.79,84.68,1641992,32.259636,1.6,0.906,2025-12-16 17:18:23
PKG,Packaging Corporation of America,Consumer Cyclical,Packaging & Containers,18325080064,203.66,1452268,242.68,172.72,751160,20.571718,2.45,0.902,2025-12-16 17:19:24
XPEV,XPeng Inc.,Consumer Cyclical,Auto Manufacturers,18060894208,18.47,6929526,28.235,11.14,11342392,0,0.0,1.051,2025-12-16 17:20:00
ESS,"Essex Property Trust, Inc.",Real Estate,REIT - Residential,17642850304,255.44,626490,316.29,243.25,469552,19.439878,3.97,0.728,2025-12-16 17:19:34
PINS,"Pinterest, Inc.",Communication Services,Internet Content & Information,17528586240,25.78,15227359,40.9,23.68,13607617,9.045614,0.0,0.889,2025-12-16 17:17:13
XPO,"XPO, Inc.",Industrials,Trucking,17446451200,148.15,1099622,161.0,85.06,1350047,53.100357,0.0,1.814,2025-12-16 17:18:24
GDDY,GoDaddy Inc.,Technology,Software - Infrastructure,17261824000,124.68,725996,216.0,121.94,1476090,21.533678,0.0,0.947,2025-12-16 17:16:35
USFD,US Foods Holding Corp.,Consumer Defensive,Food Distribution,17221126144,76.48,1571495,85.11,57.361,2018249,31.866667,0.0,1.033,2025-12-16 17:18:11
DKNG,DraftKings Inc.,Consumer Cyclical,Gambling,17193062400,34.54,7999982,53.61,26.23,17115617,0,0.0,1.6,2025-12-16 17:20:31
PNR,Pentair plc,Industrials,Specialty Industrial Machinery,17114424320,104.4,755200,113.95,74.25,1210430,26.564886,0.95,1.208,2025-12-16 17:18:38
DD,"DuPont de Nemours, Inc.",Basic Materials,Specialty Chemicals,16947552256,40.45,2862961,41.83,22.497908,7391055,23.381502,3.52,1.137,2025-12-16 17:19:13
LI,Li Auto Inc.,Consumer Cyclical,Auto Manufacturers,16901581824,16.68,3599368,33.12,16.46,4667939,15.444444,0.0,0.485,2025-12-16 17:20:00
EVRG,"Evergy, Inc.",Utilities,Utilities - Regulated Electric,16870091776,73.28,1573498,79.32,59.67,2133204,20.076712,3.75,0.634,2025-12-16 17:19:53
LNT,Alliant Energy Corporation,Utilities,Utilities - Regulated Electric,16775324672,65.26,1412863,69.75,56.3,2051895,20.522013,3.09,0.654,2025-12-16 17:19:55
HOLX,"Hologic, Inc.",Healthcare,Medical Instruments & Supplies,16722350080,75.02,3650480,75.34,51.9,3433817,30.128513,0.0,0.704,2025-12-16 17:17:26
GWRE,"Guidewire Software, Inc.",Technology,Software - Application,16458861568,193.59,2195010,272.6,165.08,783455,180.92522,0.0,1.079,2025-12-16 17:16:47
INVH,Invitation Homes Inc.,Real Estate,REIT - Residential,16453473280,26.84,6322998,35.799,26.02,5023430,28.252632,4.46,0.834,2025-12-16 17:19:36
OKTA,"Okta, Inc.",Technology,Software - Infrastructure,16055285760,90.59,3393599,127.567,75.05,2502752,82.35454,0.0,0.776,2025-12-16 17:16:30
CRS,Carpenter Technology Corporation,Industrials,Metal Fabrication,16026306560,321.49,952606,342.11,138.61,957382,39.253967,0.25,1.31,2025-12-16 17:19:18
MAA,"Mid-America Apartment Communities, Inc.",Real Estate,REIT - Residential,15986982912,133.19,625822,173.38,125.75,973041,28.218222,4.57,0.77,2025-12-16 17:19:39
EWBC,"East West Bancorp, Inc.",Financial Services,Banks - Regional,15776456704,114.47,755843,116.5,68.27,765398,12.6207285,2.11,0.911,2025-12-16 17:18:55
MEDP,"Medpace Holdings, Inc.",Healthcare,Diagnostics & Research,15738713088,558.74,257899,626.255,250.05,303996,38.99093,0.0,1.431,2025-12-16 17:17:28
ALB,Albemarle Corporation,Basic Materials,Specialty Chemicals,15426617344,131.07,2346837,136.1,49.43,3563455,0,1.23,1.431,2025-12-16 17:19:13
BBY,"Best Buy Co., Inc.",Consumer Cyclical,Specialty Retail,15257553920,72.62,4583983,91.68,54.99,3758212,23.966997,5.21,1.391,2025-12-16 17:17:00
ITT,ITT Inc.,Industrials,Specialty Industrial Machinery,15061305344,175.05,719021,197.07,105.64,668219,29.223707,0.81,1.367,2025-12-16 17:18:32
NWSA,News Corporation,Communication Services,Entertainment,15060324352,25.89,5487696,31.61,23.38,3854503,31.192772,0.77,0.973,2025-12-16 17:17:18
FFIV,"F5, Inc.",Technology,Software - Infrastructure,15002224640,258.26,1428641,346.0,223.76,1043379,21.867908,0.0,0.993,2025-12-16 17:16:32
RVMD,"Revolution Medicines, Inc.",Healthcare,Biotechnology,14993884160,77.56,4161650,81.487,29.17,2253730,0,0.0,0.959,2025-12-16 17:17:29
NBIX,"Neurocrine Biosciences, Inc.",Healthcare,Drug Manufacturers - Specialty & Generic,14830225408,148.74,959699,160.18,84.23,976176,35.498806,0.0,0.274,2025-12-16 17:17:28
PFGC,Performance Food Group Company,Consumer Defensive,Food Distribution,14792089600,94.33,1273641,109.05,68.395,1316349,45.133972,0.0,0.936,2025-12-16 17:18:17
RBC,RBC Bearings Incorporated,Industrials,Tools & Accessories,14262134784,451.17,235076,465.8,290.56,211619,54.820175,0.0,1.531,2025-12-16 17:18:39
CSL,Carlisle Companies Incorporated,Industrials,Building Products & Equipment,14233001984,332.93,312217,435.92,293.43,519641,18.970371,1.33,0.957,2025-12-16 17:18:27
ICLR,ICON Public Limited Company,Healthcare,Diagnostics & Research,14189524992,182.45,480487,228.29,125.1,970953,24.622133,0.0,1.248,2025-12-16 17:17:27
CHWY,"Chewy, Inc.",Consumer Cyclical,Internet Retail,13836052480,33.34,6972877,48.62,29.825,7215874,68.04082,0.0,1.586,2025-12-16 17:20:23
RPM,RPM International Inc.,Basic Materials,Specialty Chemicals,13715737600,106.91,579555,133.01,95.28,898630,20.0206,2.02,1.105,2025-12-16 17:19:25
GGG,Graco Inc.,Industrials,Specialty Industrial Machinery,13714489344,82.72,633604,89.67,72.06,850146,28.232082,1.4,1.092,2025-12-16 17:18:31
KIM,Kimco Realty Corporation,Real Estate,REIT - Retail,13598077952,20.08,3769965,24.62,17.93,4655533,24.192772,5.07,1.064,2025-12-16 17:19:38
MAS,Masco Corporation,Industrials,Building Products & Equipment,13560481792,64.77,1457564,82.18,56.55,2454271,16.565216,1.91,1.272,2025-12-16 17:18:35
DOCU,"DocuSign, Inc.",Technology,Software - Application,13534432256,67.58,2842012,99.705,63.405,2977385,47.258743,0.0,0.986,2025-12-16 17:17:13
OHI,"Omega Healthcare Investors, Inc.",Real Estate,REIT - Healthcare Facilities,13425264640,44.2,1132450,46.36,35.04,1823682,24.555557,6.02,0.554,2025-12-16 17:19:42
IEX,IDEX Corporation,Industrials,Specialty Industrial Machinery,13340154880,177.19,496949,226.05,153.36,656279,27.992102,1.59,0.999,2025-12-16 17:18:32
ENTG,"Entegris, Inc.",Technology,Semiconductor Equipment & Materials,13334735872,87.96,3586909,112.36,60.75,2559306,46.29474,0.44,1.321,2025-12-16 17:20:09
DT,"Dynatrace, Inc.",Technology,Software - Application,13317529600,44.17,2241551,63.0,39.3,3276219,26.4491,0.0,0.868,2025-12-16 17:20:18
MTSI,"MACOM Technology Solutions Holdings, Inc.",Technology,Semiconductors,13164975104,175.69,992070,190.95,84.0,1148565,0,0.0,1.464,2025-12-16 17:20:14
WYNN,"Wynn Resorts, Limited",Consumer Cyclical,Resorts & Casinos,13105202176,126.04,1297487,134.72,65.25,1678647,27.946783,0.79,1.092,2025-12-16 17:16:59
W,Wayfair Inc.,Consumer Cyclical,Internet Retail,13044235264,100.08,1600363,114.92,20.41,3591701,0,0.0,3.259,2025-12-16 17:20:23
JOBY,"Joby Aviation, Inc.",Industrials,Airports & Air Services,12828788736,14.07,13682079,20.95,4.96,37016374,0,0.0,2.536,2025-12-16 17:18:33
HST,"Host Hotels & Resorts, Inc.",Real Estate,REIT - Hotel & Motel,12740383744,18.29,6294364,18.86,12.22,8242680,17.254719,4.29,1.199,2025-12-16 17:19:36
NIO,NIO Inc.,Consumer Cyclical,Auto Manufacturers,12719156224,5.03,25639084,8.02,3.02,61614663,0,0.0,1.042,2025-12-16 17:20:00
IONS,"Ionis Pharmaceuticals, Inc.",Healthcare,Biotechnology,12693934080,78.37,1891118,83.61,23.95,2435168,0,0.0,0.297,2025-12-16 17:17:29
SNAP,Snap Inc.,Communication Services,Internet Content & Information,12671672320,7.37,45847134,13.281,6.9,80009060,0,0.0,0.849,2025-12-16 17:17:12
MLI,"Mueller Industries, Inc.",Industrials,Metal Fabrication,12625581056,113.73,265694,115.28,66.84,733712,17.0,0.87,1.048,2025-12-16 17:18:35
AKAM,"Akamai Technologies, Inc.",Technology,Software - Infrastructure,12622735360,87.74,2017417,103.75,67.51,2763539,25.730204,0.0,0.682,2025-12-16 17:16:33
MDGL,"Madrigal Pharmaceuticals, Inc.",Healthcare,Biotechnology,12595072000,554.57,264681,605.0,265.0,342482,0,0.0,-1.046,2025-12-16 17:18:02
CF,"CF Industries Holdings, Inc.",Basic Materials,Agricultural Inputs,12561003520,77.55,1707751,104.45,67.34,2474600,9.377267,2.54,0.679,2025-12-16 17:19:17
GLPI,"Gaming and Leisure Properties, Inc.",Real Estate,REIT - Specialty,12523119616,44.25,3116208,52.245,41.17,2417941,15.860215,7.09,0.696,2025-12-16 17:19:35
ELS,"Equity LifeStyle Properties, Inc.",Real Estate,REIT - Residential,12510139392,61.66,1368546,70.35,58.15,1928006,30.83,3.28,0.786,2025-12-16 17:19:34
BXP,"BXP, Inc.",Real Estate,REIT - Office,12506585088,70.7,1816267,80.81,54.22,1717958,0,3.91,1.008,2025-12-16 17:19:32
ALGN,"Align Technology, Inc.",Healthcare,Medical Instruments & Supplies,11807304704,162.89,1263039,237.23,122.0,1396628,31.567831,0.0,1.859,2025-12-16 17:17:23
MRNA,"Moderna, Inc.",Healthcare,Biotechnology,11679028224,29.89,7345562,48.92,22.28,10774992,0,0.0,1.113,2025-12-16 17:17:23
BLDR,"Builders FirstSource, Inc.",Industrials,Building Products & Equipment,11409704960,103.18,1615897,175.12,94.35,2079433,19.578749,0.0,1.565,2025-12-16 17:18:25
DOC,"Healthpeak Properties, Inc.",Real Estate,REIT - Healthcare Facilities,11369379840,16.36,10154222,21.28,16.305,8186293,0,7.32,1.095,2025-12-16 17:19:33
CPT,Camden Property Trust,Real Estate,REIT - Residential,11263346688,105.41,1282489,126.55,97.17,1252825,42.676113,4.01,0.825,2025-12-16 17:19:32
EXEL,"Exelixis, Inc.",Healthcare,Biotechnology,11198824448,41.6,2198755,49.62,31.9,2792404,17.47899,0.0,0.4,2025-12-16 17:17:52
CELH,"Celsius Holdings, Inc.",Consumer Defensive,Beverages - Non-Alcoholic,11123435520,43.15,4969922,66.74,21.1,6347144,359.58334,0.0,1.004,2025-12-16 17:18:08
TXRH,"Texas Roadhouse, Inc.",Consumer Cyclical,Restaurants,11016846336,165.79,757551,199.99,148.73,1079720,25.31145,1.6,0.889,2025-12-16 17:17:06
AYI,Acuity Inc.,Industrials,Electrical Equipment & Parts,10980229120,357.34,177147,379.17,216.81,269469,28.518755,0.19,1.492,2025-12-16 17:18:25
COKE,"Coca-Cola Consolidated, Inc.",Consumer Defensive,Beverages - Non-Alcoholic,10856079360,162.97,494745,168.8,105.21,537400,23.2151,0.6,0.623,2025-12-16 17:18:08
CR,Crane Company,Industrials,Specialty Industrial Machinery,10804024320,187.58,264855,203.89,127.04,306706,34.292507,0.48,1.197,2025-12-16 17:18:27
SJM,The J. M. Smucker Company,Consumer Defensive,Packaged Foods,10637424640,99.7,1144728,121.48,93.3,1804855,0,4.33,0.21,2025-12-16 17:18:15
MANH,"Manhattan Associates, Inc.",Technology,Software - Application,10614656000,175.54,663148,299.94,140.81,560479,49.869316,0.0,1.018,2025-12-16 17:16:48
CFLT,"Confluent, Inc.",Technology,Software - Infrastructure,10580401152,29.96,18254069,37.9,15.64,11199707,0,0.0,0.986,2025-12-16 17:16:38
PNW,Pinnacle West Capital Corporation,Utilities,Utilities - Regulated Electric,10511210496,87.82,635325,96.5,81.47,1252238,18.107216,4.12,0.532,2025-12-16 17:19:59
MKSI,MKS Inc.,Technology,Scientific & Technical Instruments,10495229952,156.25,838158,170.37,54.84,1133266,37.832928,0.55,1.929,2025-12-16 17:20:14
JAZZ,Jazz Pharmaceuticals plc,Healthcare,Biotechnology,10313662464,169.73,965039,182.99,95.49,1018717,0,0.0,0.307,2025-12-16 17:17:31
LSCC,Lattice Semiconductor Corporation,Technology,Semiconductors,10198719488,74.5,1809598,81.23,34.69,2155411,372.5,0.0,1.728,2025-12-16 17:20:13
RMBS,Rambus Inc.,Technology,Semiconductors,10193391616,94.69,1102298,114.55,40.12,2071525,45.09048,0.0,1.506,2025-12-16 17:20:16
DDS,"Dillard's, Inc.",Consumer Cyclical,Department Stores,10185274368,652.36,191092,741.98,282.24,117826,17.727175,0.18,1.293,2025-12-16 17:17:05
MGM,MGM Resorts International,Consumer Cyclical,Resorts & Casinos,10075976704,36.84,3813530,41.32,25.3,4865973,184.2,0.0,1.481,2025-12-16 17:16:58
DY,"Dycom Industries, Inc.",Industrials,Engineering & Construction,10065413120,347.61,222320,366.65,131.37,372473,34.24729,0.0,1.363,2025-12-16 17:18:28
AMKR,"Amkor Technology, Inc.",Technology,Semiconductor Equipment & Materials,9956951040,40.28,5377069,47.28,14.03,3333436,32.48387,0.76,1.996,2025-12-16 17:20:09
BMRN,BioMarin Pharmaceutical Inc.,Healthcare,Biotechnology,9945759744,51.77,1745643,73.51,50.76,2680076,19.245354,0.0,0.298,2025-12-16 17:17:25
SWKS,"Skyworks Solutions, Inc.",Technology,Semiconductors,9898393600,66.02,2556283,95.46,47.93,2989623,21.435064,4.28,1.309,2025-12-16 17:20:07
AES,The AES Corporation,Utilities,Utilities - Diversified,9699087360,13.62,3943375,15.51,9.46,9703631,8.960526,5.08,1.001,2025-12-16 17:19:47
EGP,"EastGroup Properties, Inc.",Real Estate,REIT - Industrial,9657733120,181.03,335275,188.89,137.67,341566,37.951782,3.38,1.12,2025-12-16 17:19:34
BWA,BorgWarner Inc.,Consumer Cyclical,Auto Parts,9633811456,44.52,1323485,46.39,24.4,2394679,62.704227,1.52,1.044,2025-12-16 17:18:25
SITM,SiTime Corporation,Technology,Semiconductors,9490189312,363.6,249076,387.52,105.4,370917,0,0.0,2.549,2025-12-16 17:20:16
MP,MP Materials Corp.,Basic Materials,Other Industrial Metals & Mining,9467652096,53.42,5152792,100.251,15.56,14554357,0,0.0,1.702,2025-12-16 17:19:08
VIPS,Vipshop Holdings Limited,Consumer Cyclical,Internet Retail,9440950272,19.15,2294180,21.08,12.14,2920612,10.132275,2.46,0.723,2025-12-16 17:20:28
NVMI,Nova Ltd.,Technology,Semiconductor Equipment & Materials,9435710464,318.21,206527,361.32,154.0,370109,41.21891,0.0,1.839,2025-12-16 17:20:15
WLK,Westlake Corporation,Basic Materials,Specialty Chemicals,9407552512,73.34,1735128,120.24,56.33,1429461,0,2.88,0.936,2025-12-16 17:19:27
BZ,Kanzhun Limited,Communication Services,Internet Content & Information,9380914176,20.2,1832668,25.26,12.85,3227404,26.233768,0.84,0.414,2025-12-16 17:20:18
FLS,Flowserve Corporation,Industrials,Specialty Industrial Machinery,9209684992,70.42,909077,74.63,37.34,2031377,20.47093,1.17,1.312,2025-12-16 17:18:29
SAIA,"Saia, Inc.",Industrials,Trucking,9052369920,339.77,369469,545.12,229.12,519366,32.08404,0.0,2.104,2025-12-16 17:18:39
TECH,Bio-Techne Corporation,Healthcare,Biotechnology,8949881856,57.44,2414496,79.28,46.01,2172209,117.22449,0.55,1.463,2025-12-16 17:17:26
ARWR,"Arrowhead Pharmaceuticals, Inc.",Healthcare,Biotechnology,8939734016,64.66,3727320,72.36,9.57,2430755,0,0.0,1.288,2025-12-16 17:17:30
OGE,OGE Energy Corp.,Utilities,Utilities - Regulated Electric,8878259200,43.07,893007,47.33,39.41,1279873,17.297188,3.94,0.605,2025-12-16 17:19:57
POOL,Pool Corporation,Industrials,Industrial Distribution,8832053248,236.67,545721,374.74,229.63,746393,21.593977,2.1,1.229,2025-12-16 17:16:55
KNX,Knight-Swift Transportation Holdings Inc.,Industrials,Trucking,8677019648,53.45,2805618,61.51,36.69,3819365,60.738636,1.35,1.171,2025-12-16 17:18:34
COLB,"Columbia Banking System, Inc.",Financial Services,Banks - Regional,8649040896,28.91,2337658,29.61,19.61,4351179,13.081448,5.08,0.723,2025-12-16 17:18:52
PATH,UiPath Inc.,Technology,Software - Infrastructure,8604123136,16.09,13009653,19.84,9.38,26018468,38.309525,0.0,1.1,2025-12-16 17:20:19
CORT,Corcept Therapeutics Incorporated,Healthcare,Biotechnology,8547755008,81.12,2598075,117.33,49.0,855936,93.24138,0.0,0.195,2025-12-16 17:17:32
HIMS,"Hims & Hers Health, Inc.",Healthcare,Drug Manufacturers - Specialty & Generic,8391124480,36.86,9344788,72.98,23.97,25269846,69.54717,0.0,2.411,2025-12-16 17:17:06
APPF,"AppFolio, Inc.",Technology,Software - Application,8299991040,231.06,255609,326.04,190.24,264290,41.482944,0.0,0.802,2025-12-16 17:16:49
PCTY,Paylocity Holding Corporation,Technology,Software - Application,8258247680,149.71,438045,223.8,135.455,632406,37.521305,0.0,0.578,2025-12-16 17:16:39
ALSN,"Allison Transmission Holdings, Inc.",Consumer Cyclical,Auto Parts,8252134400,98.69,705561,121.81,76.01,964109,12.109203,1.09,0.989,2025-12-16 17:18:24
BPOP,"Popular, Inc.",Financial Services,Banks - Regional,8232942592,121.82,710872,129.32,78.23,578857,10.799645,2.45,0.685,2025-12-16 17:18:48
OSK,Oshkosh Corporation,Industrials,Farm & Heavy Construction Machinery,8225320448,128.52,412531,144.3,76.82,749276,12.538537,1.57,1.408,2025-12-16 17:18:36
CUBE,CubeSmart,Real Estate,REIT - Industrial,8204164608,35.79,1781531,46.09,34.24,1814420,23.090324,5.8,1.117,2025-12-16 17:19:32
CHDN,Churchill Downs Incorporated,Consumer Cyclical,Gambling,8196831744,116.89,673323,136.34,85.58,735961,21.252728,0.37,0.697,2025-12-16 17:20:32
ARE,"Alexandria Real Estate Equities, Inc.",Real Estate,REIT - Office,8117593088,46.97,2643828,105.14,44.1,2704139,0,9.87,1.329,2025-12-16 17:19:31
QRVO,"Qorvo, Inc.",Technology,Semiconductors,8021079552,86.57,1392835,106.3,49.46,1732658,37.476192,0.0,1.367,2025-12-16 17:20:07
CADE,Cadence Bank,Financial Services,Banks - Regional,8007475200,42.98,1935758,44.26,25.22,3548912,15.516246,2.54,0.977,2025-12-16 17:18:50
ESTC,Elastic N.V.,Technology,Software - Application,7968307712,74.98,982082,118.84,68.1,1864863,0,0.0,0.97,2025-12-16 17:16:38
FR,"First Industrial Realty Trust, Inc.",Real Estate,REIT - Industrial,7920007680,58.02,514798,59.43,40.31,987369,32.41341,3.05,1.143,2025-12-16 17:19:35
CMC,Commercial Metals Company,Basic Materials,Steel,7886624768,71.02,1180025,71.99,37.92,1172880,95.97297,1.01,1.494,2025-12-16 17:19:17
R,"Ryder System, Inc.",Industrials,Rental & Leasing Services,7813446656,191.55,209619,200.53,125.54,396528,16.150928,1.8,0.965,2025-12-16 17:18:38
MTCH,"Match Group, Inc.",Communication Services,Internet Content & Information,7752845824,32.22,2683112,39.2,26.39,3829946,15.056074,2.33,1.35,2025-12-16 17:17:12
MNDY,monday.com Ltd.,Technology,Software - Application,7739936768,150.14,1539330,342.64,141.2,1279411,121.08064,0.0,1.258,2025-12-16 17:16:42
FROG,JFrog Ltd.,Technology,Software - Application,7727010816,65.31,1781986,70.43,27.0,1448457,0,0.0,1.104,2025-12-16 17:16:41
NNN,"NNN REIT, Inc.",Real Estate,REIT - Retail,7608228352,40.06,924661,44.23,35.8,1305500,19.259617,5.93,0.863,2025-12-16 17:19:40
HALO,"Halozyme Therapeutics, Inc.",Healthcare,Biotechnology,7581478912,64.47,2303312,79.5,46.26,2385642,13.601267,0.0,0.948,2025-12-16 17:17:31
MOS,The Mosaic Company,Basic Materials,Agricultural Inputs,7446388224,23.46,11260319,38.23,22.36,6354865,6.07772,3.54,0.948,2025-12-16 17:19:23
AXSM,"Axsome Therapeutics, Inc.",Healthcare,Biotechnology,7404104192,146.87,293977,152.94,75.56,508177,0,0.0,0.471,2025-12-16 17:17:33
CBSH,"Commerce Bancshares, Inc.",Financial Services,Banks - Regional,7353583616,52.89,715383,65.59048,48.685715,1133118,13.255639,2.05,0.613,2025-12-16 17:18:51
MRUS,Merus N.V.,Healthcare,Biotechnology,7351108096,96.92,1302945,96.98,33.19,2477012,0,0.0,1.062,2025-12-16 17:18:04
URBN,"Urban Outfitters, Inc.",Consumer Cyclical,Apparel Retail,7331011072,81.73,1525871,83.94,41.89,2115134,15.479167,0.0,1.201,2025-12-16 17:17:02
EMN,Eastman Chemical Company,Basic Materials,Specialty Chemicals,7309083648,63.65,1378679,103.82,56.11,2202717,10.626044,5.25,1.247,2025-12-16 17:19:20
INGR,Ingredion Incorporated,Consumer Defensive,Packaged Foods,7203662848,112.24,510132,143.8,102.31,661817,11.190429,2.91,0.712,2025-12-16 17:18:14
LBRDK,Liberty Broadband Corporation,Communication Services,Telecom Services,7032424448,49.01,911389,97.37828,44.63,1138239,5.8835535,0.0,1.001,2025-12-16 17:17:15
LNW,"Light & Wonder, Inc.",Consumer Cyclical,Gambling,7028988928,95.8,146751,113.945,69.5605,1907199,18.825329,0.0,1.405,2025-12-16 17:20:33
CWAN,"Clearwater Analytics Holdings, Inc.",Technology,Software - Application,7001448448,21.5,4364023,32.0,15.735,5614561,13.782052,0.0,0.67,2025-12-16 17:16:36
ESAB,ESAB Corporation,Industrials,Metal Fabrication,6944727552,114.39,289658,135.84,100.165,516628,25.590605,0.35,1.201,2025-12-16 17:18:29
WING,Wingstop Inc.,Consumer Cyclical,Restaurants,6884880896,246.56,830289,388.14,204.0,910239,40.025974,0.5,1.749,2025-12-16 17:17:10
ORA,"Ormat Technologies, Inc.",Utilities,Utilities - Renewable,6755288576,111.14,619465,116.66,61.58,598004,50.98165,0.42,0.737,2025-12-16 17:19:57
KYMR,"Kymera Therapeutics, Inc.",Healthcare,Biotechnology,6735117824,84.19,991299,103.0,19.445,988115,0,0.0,2.287,2025-12-16 17:17:58
AXTA,Axalta Coating Systems Ltd.,Basic Materials,Specialty Chemicals,6698983424,31.4,3585616,38.37,26.28,4451798,15.023924,0.0,1.295,2025-12-16 17:19:16
CWEN,"Clearway Energy, Inc.",Utilities,Utilities - Renewable,6598192128,32.38,839252,36.89,24.4,1137503,13.778725,5.54,0.987,2025-12-16 17:19:10
SMTC,Semtech Corporation,Technology,Semiconductors,6582373888,71.13,1925473,81.32,24.05,1774828,127.01785,0.0,2.014,2025-12-16 17:20:17
QS,QuantumScape Corporation,Consumer Cyclical,Auto Parts,6518202880,10.84,14183870,19.07,3.4,39324319,0,0.0,2.77,2025-12-16 17:19:04
GTLB,GitLab Inc.,Technology,Software - Infrastructure,6416039936,38.1,3299019,74.18,35.81,4491347,0,0.0,0.75,2025-12-16 17:16:39
FNB,F.N.B. Corporation,Financial Services,Banks - Regional,6274236928,17.47,3412778,17.75,10.88,9379606,12.478571,2.74,0.944,2025-12-16 17:18:58
CRUS,"Cirrus Logic, Inc.",Technology,Semiconductors,6217866752,121.13,340048,136.92,75.83,542488,17.254986,0.0,1.08,2025-12-16 17:20:12
BOOT,"Boot Barn Holdings, Inc.",Consumer Cyclical,Apparel Retail,6176514048,202.14,328871,210.25,86.17,531266,29.858198,0.0,1.592,2025-12-16 17:17:04
NXST,"Nexstar Media Group, Inc.",Communication Services,Broadcasting,6142266880,202.54,194280,223.36,141.66,310839,12.635058,3.64,0.836,2025-12-16 17:17:19
SEE,Sealed Air Corporation,Consumer Cyclical,Packaging & Containers,6130678784,41.67,2456123,44.27,22.78,2417058,15.4907055,1.9,1.357,2025-12-16 17:19:25
KEX,Kirby Corporation,Industrials,Marine Shipping,6084989952,109.05,551356,122.5,79.52,919607,20.269516,0.0,0.877,2025-12-16 17:18:33
BFAM,Bright Horizons Family Solutions Inc.,Consumer Cyclical,Personal Services,5920928768,104.11,517991,132.99,91.49,800550,30.002882,0.0,1.414,2025-12-16 17:16:57
PTGX,"Protagonist Therapeutics, Inc.",Healthcare,Biotechnology,5722683904,91.54,825207,96.54,33.7,1197571,138.69696,0.0,2.191,2025-12-16 17:17:42
WIX,Wix.com Ltd.,Technology,Software - Infrastructure,5677210624,101.95,1358046,247.11,92.23,1642747,43.199154,0.0,1.416,2025-12-16 17:20:22
RDNT,"RadNet, Inc.",Healthcare,Diagnostics & Research,5504442880,71.22,3661442,85.84,45.001,764931,0,0.0,1.485,2025-12-16 17:17:37
ANF,Abercrombie & Fitch Co.,Consumer Cyclical,Apparel Retail,5476573696,116.35,2470594,164.8,65.4,2140466,11.198267,0.0,1.169,2025-12-16 17:17:02
POR,Portland General Electric Company,Utilities,Utilities - Regulated Electric,5475962368,48.68,1216988,51.14,39.55,1220612,17.701818,4.26,0.682,2025-12-16 17:19:59
BILL,"BILL Holdings, Inc.",Technology,Software - Application,5441537024,54.21,1879128,100.19,36.55,2679055,0,0.0,1.357,2025-12-16 17:16:39
CVLT,"Commvault Systems, Inc.",Technology,Software - Application,5377395712,120.95,819346,200.68,114.47,807368,68.72159,0.0,0.596,2025-12-16 17:16:49
POST,"Post Holdings, Inc.",Consumer Defensive,Packaged Foods,5373890048,98.93,653904,119.85,95.07,758752,17.954628,0.0,0.39,2025-12-16 17:18:17
IMVT,"Immunovant, Inc.",Healthcare,Biotechnology,5361290752,26.61,2658551,28.08,12.72,1786020,0,0.0,0.558,2025-12-16 17:17:55
CRSP,CRISPR Therapeutics AG,Healthcare,Biotechnology,5333954048,55.97,1143506,78.48,30.04,2479796,0,0.0,1.734,2025-12-16 17:17:39
BKH,Black Hills Corporation,Utilities,Utilities - Regulated Gas,5333704704,70.67,674870,74.02,54.92,950877,17.845959,3.75,0.73,2025-12-16 17:19:50
ETSY,"Etsy, Inc.",Consumer Cyclical,Internet Retail,5327085568,53.75,1646705,76.515,40.05,4795409,36.317566,0.0,1.763,2025-12-16 17:20:22
AUB,Atlantic Union Bankshares Corporation,Financial Services,Banks - Regional,5219014144,36.62,792810,40.95,22.85,1161852,20.573034,4.02,0.841,2025-12-16 17:18:45
QLYS,"Qualys, Inc.",Technology,Software - Infrastructure,5182285824,143.57,713216,155.47,112.61,384638,27.823647,0.0,0.552,2025-12-16 17:16:49
GVA,Granite Construction Incorporated,Industrials,Engineering & Construction,5107655168,116.65,665425,117.12,69.08,706182,31.871584,0.45,1.335,2025-12-16 17:18:31
BCPC,Balchem Corporation,Basic Materials,Specialty Chemicals,5098872832,157.1,255053,177.4,139.17,184466,34.302402,0.6,0.993,2025-12-16 17:19:16
S,"SentinelOne, Inc.",Technology,Software - Infrastructure,5030061056,14.8,6974093,25.24,14.48,6950317,0,0.0,0.766,2025-12-16 17:16:39
LSTR,"Landstar System, Inc.",Industrials,Integrated Freight & Logistics,5009862144,144.57,442241,184.23,119.32,461244,37.069233,1.09,0.85,2025-12-16 17:18:34
CROX,"Crocs, Inc.",Consumer Cyclical,Footwear & Accessories,5005681152,91.65,1324048,122.84,73.21,1836049,31.822916,0.0,1.538,2025-12-16 17:17:03
CZR,"Caesars Entertainment, Inc.",Consumer Cyclical,Resorts & Casinos,4970997760,23.9,4733588,40.0,18.25,9505180,0,0.0,2.048,2025-12-16 17:16:59
ACIW,"ACI Worldwide, Inc.",Technology,Software - Infrastructure,4958379008,48.05,1193203,58.14,40.45,757317,19.453442,0.0,1.089,2025-12-16 17:18:45
MAC,The Macerich Company,Real Estate,REIT - Retail,4906701312,18.3,1246811,21.8,12.48,1994169,0,3.66,2.058,2025-12-16 17:19:39
WK,Workiva Inc.,Technology,Software - Application,4904468480,87.38,283057,116.83,60.5,738885,0,0.0,0.641,2025-12-16 17:20:21
ALGM,"Allegro MicroSystems, Inc.",Technology,Semiconductors,4857523712,26.24,2021790,38.45,16.38,2059107,0,0.0,1.619,2025-12-16 17:20:09
MSM,"MSC Industrial Direct Co., Inc.",Industrials,Industrial Distribution,4784686592,85.76,346210,94.31,68.1,637888,24.02241,4.06,0.836,2025-12-16 17:18:36
KRC,Kilroy Realty Corporation,Real Estate,REIT - Office,4745997824,39.73,882183,45.03,27.07,1390609,14.660516,5.39,1.078,2025-12-16 17:19:38
NJR,New Jersey Resources Corporation,Utilities,Utilities - Regulated Gas,4665541632,46.31,432626,50.77,43.46,595865,13.906908,4.1,0.622,2025-12-16 17:19:56
AEO,"American Eagle Outfitters, Inc.",Consumer Cyclical,Apparel Retail,4637848576,27.36,7869134,27.4,9.27,7876847,24.21239,1.85,1.419,2025-12-16 17:17:03
ALKS,Alkermes plc,Healthcare,Drug Manufacturers - Specialty & Generic,4633197056,28.06,1468578,36.45,25.17,2339033,13.960198,0.0,0.439,2025-12-16 17:17:31
UPST,"Upstart Holdings, Inc.",Financial Services,Credit Services,4563708928,46.91,3462210,96.429,31.4,6768320,180.42308,0.0,2.276,2025-12-16 17:18:42
QTWO,"Q2 Holdings, Inc.",Technology,Software - Application,4556561408,72.87,321186,108.51,58.57,1197003,145.74,0.0,1.376,2025-12-16 17:16:46
NPO,Enpro Inc.,Industrials,Specialty Industrial Machinery,4539453952,215.49,195131,248.88,133.5,183506,53.076355,0.57,1.583,2025-12-16 17:18:36
ACAD,ACADIA Pharmaceuticals Inc.,Healthcare,Biotechnology,4534072832,26.8,1422051,27.73,13.4,1908466,17.290323,0.0,0.672,2025-12-16 17:17:32
FFIN,"First Financial Bankshares, Inc.",Financial Services,Banks - Regional,4509559808,31.49,1266639,40.85,29.8,636614,18.633135,2.42,0.86,2025-12-16 17:18:56
RSI,"Rush Street Interactive, Inc.",Consumer Cyclical,Gambling,4497862144,19.6,727401,22.65,9.542,1458323,75.38462,0.0,1.65,2025-12-16 17:20:31
CE,Celanese Corporation,Basic Materials,Chemicals,4484225536,40.95,840805,75.84,35.13,2114838,0,0.28,1.121,2025-12-16 17:19:15
LNTH,"Lantheus Holdings, Inc.",Healthcare,Drug Manufacturers - Specialty & Generic,4431178752,65.17,1204748,111.29,47.25,1367028,27.041492,0.0,-0.103,2025-12-16 17:18:00
FELE,"Franklin Electric Co., Inc.",Industrials,Specialty Industrial Machinery,4339762176,97.5,262383,108.08,78.87,246903,31.758959,1.08,1.072,2025-12-16 17:18:56
FORM,"FormFactor, Inc.",Technology,Semiconductor Equipment & Materials,4339406848,55.98,841827,61.1,22.58,1085468,105.62265,0.0,1.12,2025-12-16 17:20:12
BOX,"Box, Inc.",Technology,Software - Infrastructure,4298267136,30.01,1352733,38.8,28.0,1964553,24.008,0.0,0.792,2025-12-16 17:16:42
NSA,National Storage Affiliates Trust,Real Estate,REIT - Industrial,4223283200,28.67,592514,41.44,28.02,1196282,47.0,7.76,1.206,2025-12-16 17:19:40
CALM,"Cal-Maine Foods, Inc.",Consumer Defensive,Farm Products,4178241280,86.15,1051167,126.4,79.55,1016673,3.3121877,9.85,0.222,2025-12-16 17:18:08
ENPH,"Enphase Energy, Inc.",Technology,Solar,4169190400,31.86,4632091,76.9,25.78,7982147,21.821918,0.0,1.422,2025-12-16 17:18:59
RUN,Sunrun Inc.,Technology,Solar,4070013696,17.54,4007524,22.44,5.38,8711847,0,0.0,2.352,2025-12-16 17:18:59
DOCN,"DigitalOcean Holdings, Inc.",Technology,Software - Infrastructure,4065910784,44.44,2152552,52.2,25.45,2678914,17.776,0.0,1.77,2025-12-16 17:16:40
BBWI,"Bath & Body Works, Inc.",Consumer Cyclical,Specialty Retail,4049523968,19.64,3868125,41.87,14.28,8052593,6.0804954,4.06,1.474,2025-12-16 17:17:01
NWE,"NorthWestern Energy Group, Inc.",Utilities,Utilities - Regulated Electric,4019704064,65.46,521616,69.23,50.43,462334,18.54391,3.96,0.361,2025-12-16 17:19:56
LEGN,Legend Biotech Corporation,Healthcare,Biotechnology,3998529024,21.65,2280387,45.297,21.51,1752934,0,0.0,0.089,2025-12-16 17:17:29
MDU,"MDU Resources Group, Inc.",Utilities,Utilities - Regulated Gas,3987508736,19.51,1389545,21.49,15.04,2705157,21.677778,2.86,0.43,2025-12-16 17:19:55
SXT,Sensient Technologies Corporation,Basic Materials,Specialty Chemicals,3986506240,93.84,133411,121.54,66.15,406087,28.697247,1.74,0.567,2025-12-16 17:19:25
ALE,"ALLETE, Inc.",Utilities,Utilities - Diversified,3944881408,67.9,4388747,67.99,62.38,824667,23.824562,4.3,0.817,2025-12-16 17:19:47
MATX,"Matson, Inc.",Industrials,Marine Shipping,3926262016,123.51,415700,154.23,86.97,347788,9.44266,1.19,1.33,2025-12-16 17:18:35
STNE,StoneCo Ltd.,Technology,Software - Infrastructure,3924583168,14.67,6703484,19.95,7.72,6491038,0,0.0,1.85,2025-12-16 17:18:42
VRNS,"Varonis Systems, Inc.",Technology,Software - Infrastructure,3909474816,33.16,1578278,63.9,30.02,2338617,0,0.0,0.64,2025-12-16 17:16:46
BRZE,"Braze, Inc.",Technology,Software - Application,3808593664,33.94,2096293,48.33,23.91,1908857,0,0.0,1.101,2025-12-16 17:16:43
EPR,EPR Properties,Real Estate,REIT - Specialty,3791027712,49.79,710909,61.24,41.75,784661,21.83772,7.05,0.907,2025-12-16 17:19:34
PATK,"Patrick Industries, Inc.",Consumer Cyclical,"Furnishings, Fixtures & Appliances",3788777216,113.85,397051,116.78,72.99,270530,32.621777,1.65,1.332,2025-12-16 17:18:37
LBTYA,Liberty Global Ltd.,Communication Services,Telecom Services,3767550464,11.01,1543298,13.17,9.03,1960293,0,0.0,0.85,2025-12-16 17:17:15
LCID,"Lucid Group, Inc.",Consumer Cyclical,Auto Manufacturers,3734420736,11.52,7711662,36.4,11.2,9176515,0,0.0,0.871,2025-12-16 17:19:59
LBTYK,Liberty Global Ltd.,Communication Services,Telecom Services,3730296064,10.97,1062481,13.62,9.21,962996,0,0.0,0.85,2025-12-16 17:17:15
FIBK,"First Interstate BancSystem, Inc.",Financial Services,Banks - Regional,3662536192,35.57,1227924,36.05,22.95,1314595,15.008439,5.27,0.8,2025-12-16 17:18:58
FRSH,Freshworks Inc.,Technology,Software - Application,3634115584,12.47,3516147,19.77,10.51,3808431,0,0.0,0.893,2025-12-16 17:20:19
CBT,Cabot Corporation,Basic Materials,Specialty Chemicals,3617846528,68.0,617280,101.74,58.33,478980,11.295681,2.62,0.897,2025-12-16 17:19:16
USLM,"United States Lime & Minerals, Inc.",Basic Materials,Building Materials,3609727744,126.04,81685,144.2,80.47,81080,27.701097,0.19,0.962,2025-12-16 17:19:26
FULT,Fulton Financial Corporation,Financial Services,Banks - Regional,3595718656,19.91,1185975,21.4,14.33,1637531,10.424084,3.62,0.876,2025-12-16 17:18:59
BL,"BlackLine, Inc.",Technology,Software - Application,3560406528,57.53,780805,66.25,40.824,857768,52.3,0.0,0.878,2025-12-16 17:16:46
OTTR,Otter Tail Corporation,Industrials,Conglomerates,3548559360,84.68,327920,86.22,71.66,222785,12.791541,2.49,0.563,2025-12-16 17:19:57
WSC,WillScot Holdings Corporation,Industrials,Rental & Leasing Services,3535898112,19.42,2868932,39.605,14.91,3164874,16.049587,1.41,1.121,2025-12-16 17:20:30
CATY,Cathay General Bancorp,Financial Services,Banks - Regional,3479544576,50.36,394077,51.74,36.06,390403,11.630486,2.7,0.871,2025-12-16 17:18:51
MIRM,"Mirum Pharmaceuticals, Inc.",Healthcare,Biotechnology,3465401344,67.05,1239072,78.545,36.88,665601,0,0.0,0.424,2025-12-16 17:18:03
VCYT,"Veracyte, Inc.",Healthcare,Diagnostics & Research,3416505600,43.22,845619,50.71,22.61,973858,113.73685,0.0,1.83,2025-12-16 17:17:40
ASAN,"Asana, Inc.",Technology,Software - Application,3385787904,14.28,2163257,27.645,11.58,3897655,0,0.0,0.929,2025-12-16 17:16:42
FOLD,"Amicus Therapeutics, Inc.",Healthcare,Biotechnology,3359930368,10.89,8095355,11.14,5.51,5428955,0,0.0,0.461,2025-12-16 17:17:29
RARE,Ultragenyx Pharmaceutical Inc.,Healthcare,Biotechnology,3313039616,34.34,1438461,46.5,25.81,1488831,0,0.0,0.162,2025-12-16 17:17:29
FUL,H.B. Fuller Company,Basic Materials,Specialty Chemicals,3253446656,60.15,203520,72.82,47.56,410184,28.91827,1.55,1.091,2025-12-16 17:19:20
PLUG,Plug Power Inc.,Industrials,Electrical Equipment & Parts,3186844672,2.29,95336989,4.58,0.69,138600406,0,0.0,1.749,2025-12-16 17:18:37
TGNA,TEGNA Inc.,Communication Services,Broadcasting,3169597440,19.68,806514,21.35,14.87,1911047,9.416268,2.55,0.122,2025-12-16 17:17:19
AVA,Avista Corporation,Utilities,Utilities - Diversified,3130371072,38.47,1014784,43.09,34.8,654395,16.300848,5.05,0.287,2025-12-16 17:19:48
FRPT,"Freshpet, Inc.",Consumer Defensive,Packaged Foods,3122269440,63.97,1186274,164.07,46.76,1429468,27.105934,0.0,1.721,2025-12-16 17:18:17
FIZZ,National Beverage Corp.,Consumer Defensive,Beverages - Non-Alcoholic,3113267456,33.25,384046,47.89,32.21,347392,16.708542,0.0,0.482,2025-12-16 17:18:08
AMBA,"Ambarella, Inc.",Technology,Semiconductor Equipment & Materials,3098774272,71.98,703154,96.69,38.86,811769,0,0.0,1.975,2025-12-16 17:20:10
BANC,"Banc of California, Inc.",Financial Services,Banks - Regional,3096230400,19.65,867426,20.17,11.52,3111793,19.07767,2.03,1.095,2025-12-16 17:18:45
BLKB,"Blackbaud, Inc.",Technology,Software - Application,3049762816,62.87,309313,81.39,54.56,348752,0,0.0,1.087,2025-12-16 17:16:43
CPK,Chesapeake Utilities Corporation,Utilities,Utilities - Regulated Gas,3001271808,126.9,89224,140.59,115.12,144626,22.539965,2.16,0.8,2025-12-16 17:19:51
TENB,"Tenable Holdings, Inc.",Technology,Software - Infrastructure,2987412736,24.67,1782692,45.44,24.235,1227046,0,0.0,0.728,2025-12-16 17:16:49
MPW,"Medical Properties Trust, Inc.",Real Estate,REIT - Healthcare Facilities,2947350272,4.9,5388042,6.34,3.51,8051426,0,7.14,1.476,2025-12-16 17:19:40
HIW,"Highwoods Properties, Inc.",Real Estate,REIT - Office,2872834816,25.64,938809,32.76,24.19,1139766,22.295652,7.74,1.084,2025-12-16 17:19:36
AWR,American States Water Company,Utilities,Utilities - Regulated Water,2854414592,73.73,149660,84.12,69.45,304933,21.81361,2.73,0.696,2025-12-16 17:19:50
PAGS,PagSeguro Digital Ltd.,Technology,Software - Infrastructure,2834072832,9.71,3010513,11.16,6.11,4683690,7.2462683,1.4,1.441,2025-12-16 17:18:42
TDC,Teradata Corporation,Technology,Software - Infrastructure,2804760064,29.68,1220118,33.2,18.43,1552996,24.528925,0.0,0.576,2025-12-16 17:20:20
WDFC,WD-40 Company,Basic Materials,Specialty Chemicals,2787163904,205.94,104390,267.9,186.19,131715,30.783258,1.86,0.153,2025-12-16 17:18:11
CVBF,CVB Financial Corp.,Financial Services,Banks - Regional,2756352000,20.0,951206,23.19,16.01,816985,13.513514,3.96,0.688,2025-12-16 17:18:54
BEAM,Beam Therapeutics Inc.,Healthcare,Biotechnology,2715469568,26.76,1313062,35.25,13.525,2322712,0,0.0,2.216,2025-12-16 17:17:40
APPN,Appian Corporation,Technology,Software - Infrastructure,2696984320,36.43,433408,46.059,24.0,804996,0,0.0,0.851,2025-12-16 17:16:37
ASH,Ashland Inc.,Basic Materials,Specialty Chemicals,2683947264,58.65,426119,74.57,45.21,864646,0,2.77,0.442,2025-12-16 17:19:15
LFST,"LifeStance Health Group, Inc.",Healthcare,Medical Care Facilities,2676322048,6.88,2426216,8.295,3.74,1986326,0,0.0,1.125,2025-12-16 17:20:26
DNLI,Denali Therapeutics Inc.,Healthcare,Biotechnology,2657815552,17.02,1709223,24.345,10.57,1796003,0,0.0,1.114,2025-12-16 17:17:35
HUBG,"Hub Group, Inc.",Industrials,Integrated Freight & Logistics,2656929792,43.4,1221806,49.53,30.75,687196,24.94253,1.16,1.157,2025-12-16 17:18:32
MANU,Manchester United plc,Communication Services,Entertainment,2626174976,15.23,352064,19.65,12.05,441614,0,0.0,0.581,2025-12-16 17:17:20
FFBC,First Financial Bancorp.,Financial Services,Banks - Regional,2618919424,26.58,523999,29.25,21.1,548669,9.844444,3.71,1.001,2025-12-16 17:18:56
CWT,California Water Service Group,Utilities,Utilities - Regulated Water,2616059904,43.9,286145,51.63,41.29,425292,19.254387,2.74,0.645,2025-12-16 17:19:52
ALRM,"Alarm.com Holdings, Inc.",Technology,Software - Application,2587575808,51.85,412895,68.54,46.65,422187,21.970339,0.0,0.887,2025-12-16 17:16:44
CHEF,"The Chefs' Warehouse, Inc.",Consumer Defensive,Food Distribution,2581499136,63.33,312950,68.94,45.0,466028,36.606937,0.0,1.298,2025-12-16 17:18:12
RNG,"RingCentral, Inc.",Technology,Software - Application,2570972160,29.7,746278,39.97,20.59,1414798,212.14287,0.0,1.299,2025-12-16 17:16:33
DNOW,DNOW Inc.,Industrials,Industrial Distribution,2558415360,13.78,1326154,18.449,12.01,2000676,15.83908,0.0,0.808,2025-12-16 17:19:19
GENI,Genius Sports Limited,Communication Services,Internet Content & Information,2544734976,10.66,2170311,13.73,8.15,5721969,0,0.0,1.941,2025-12-16 17:20:33
NSIT,"Insight Enterprises, Inc.",Technology,Electronics & Computer Distribution,2478647808,79.62,396671,181.92,78.02,434196,18.778303,0.0,0.928,2025-12-16 17:16:49
CAKE,The Cheesecake Factory Incorporated,Consumer Cyclical,Restaurants,2449719040,49.15,988477,69.7,42.69,1279909,14.93921,2.15,0.958,2025-12-16 17:17:07
KLIC,"Kulicke and Soffa Industries, Inc.",Technology,Semiconductor Equipment & Materials,2449017600,46.77,421183,52.08,26.63,550419,Infinity,1.71,1.637,2025-12-16 17:20:13
RXO,"RXO, Inc.",Industrials,Trucking,2402597888,14.64,1140460,27.28,10.425,2084323,0,0.0,1.612,2025-12-16 17:18:39
KWR,Quaker Chemical Corporation,Basic Materials,Specialty Chemicals,2390194688,137.41,67667,151.92,95.91,118993,0,1.46,1.331,2025-12-16 17:19:21
OLN,Olin Corporation,Basic Materials,Chemicals,2340980224,20.42,2355469,35.84,17.66,2655536,44.391304,3.72,1.651,2025-12-16 17:19:24
DIOD,Diodes Incorporated,Technology,Semiconductors,2340249344,50.39,270316,67.12,32.93,400590,36.514492,0.0,1.654,2025-12-16 17:20:12
DEI,"Douglas Emmett, Inc.",Real Estate,REIT - Office,2338123008,11.52,1328479,20.5,11.43,1959780,96.00001,6.51,1.137,2025-12-16 17:19:32
SRPT,"Sarepta Therapeutics, Inc.",Healthcare,Biotechnology,2337801984,22.31,3583945,129.84,10.42,5303193,0,0.0,0.531,2025-12-16 17:17:31
BANR,Banner Corporation,Financial Services,Banks - Regional,2301252864,66.54,177906,72.58,54.01,216519,12.120219,2.9,0.928,2025-12-16 17:18:47
XRAY,DENTSPLY SIRONA Inc.,Healthcare,Medical Instruments & Supplies,2268905728,11.37,3387429,20.6,9.85,3590358,0,5.62,1.017,2025-12-16 17:17:28
FRME,First Merchants Corporation,Financial Services,Banks - Regional,2245345536,38.83,220762,45.62,33.13,326973,9.7075,3.69,0.96,2025-12-16 17:18:58
RXRX,"Recursion Pharmaceuticals, Inc.",Healthcare,Biotechnology,2189303552,4.2,13544897,12.36,3.79,43236406,0,0.0,0.937,2025-12-16 17:17:42
LC,LendingClub Corporation,Financial Services,Banks - Regional,2188421376,18.98,1493274,20.94,7.9,1852550,21.325842,0.0,2.146,2025-12-16 17:18:43
ATKR,Atkore Inc.,Industrials,Electrical Equipment & Parts,2161728512,64.05,260597,89.465,49.92,554663,0,2.04,1.569,2025-12-16 17:18:24
PK,Park Hotels & Resorts Inc.,Real Estate,REIT - Hotel & Motel,2161064960,10.81,1639886,15.57,8.27,3539036,0,9.08,1.435,2025-12-16 17:19:42
DQ,Daqo New Energy Corp.,Technology,Semiconductor Equipment & Materials,2157885184,32.18,317472,36.59,12.41,1179871,0,0.0,0.659,2025-12-16 17:19:02
CENT,Central Garden & Pet Company,Consumer Defensive,Packaged Foods,2101235456,33.71,58058,43.88,28.77,84576,13.219607,0.0,0.601,2025-12-16 17:18:12
PLAB,"Photronics, Inc.",Technology,Semiconductor Equipment & Materials,2066771584,34.36,1853430,39.8,16.46,1140615,15.070176,0.0,1.536,2025-12-16 17:20:16
PENN,"PENN Entertainment, Inc.",Consumer Cyclical,Resorts & Casinos,2065966720,14.15,4221748,23.08,13.24,3509274,0,0.0,1.401,2025-12-16 17:20:31
POWI,"Power Integrations, Inc.",Technology,Semiconductors,2027294336,36.14,862893,68.2,30.86,1151455,112.9375,2.31,1.39,2025-12-16 17:20:16
RVLV,"Revolve Group, Inc.",Consumer Cyclical,Internet Retail,2004491904,28.1,898055,39.578,16.8,1099977,36.493507,0.0,1.844,2025-12-16 17:20:24
UNFI,"United Natural Foods, Inc.",Consumer Defensive,Food Distribution,2002219520,32.86,520579,43.29,20.78,1126068,0,0.0,0.823,2025-12-16 17:18:11
NTCT,"NetScout Systems, Inc.",Technology,Software - Infrastructure,1986047872,27.51,417392,30.67,18.12,537882,21.833334,0.0,0.657,2025-12-16 17:16:36
QDEL,QuidelOrtho Corporation,Healthcare,Medical Devices,1961862656,28.88,874624,49.45,19.5,1385566,0,0.0,0.584,2025-12-16 17:17:37
NWN,Northwest Natural Holding Company,Utilities,Utilities - Regulated Gas,1945850112,46.88,170177,49.63,38.03,250522,18.677292,4.2,0.545,2025-12-16 17:19:56
YELP,Yelp Inc.,Communication Services,Internet Content & Information,1930917376,30.62,864689,41.72,27.29,929130,13.669643,0.0,0.56,2025-12-16 17:17:18
SMPL,The Simply Good Foods Company,Consumer Defensive,Packaged Foods,1921348096,19.11,1258180,40.25,18.45,1725719,18.735294,0.0,0.373,2025-12-16 17:18:11
NRIX,"Nurix Therapeutics, Inc.",Healthcare,Biotechnology,1909796352,18.84,1711910,22.5,8.18,1716665,0,0.0,1.879,2025-12-16 17:18:05
NOMD,Nomad Foods Limited,Consumer Defensive,Packaged Foods,1885455616,12.55,1135088,20.81,11.04,1981558,8.311258,5.48,0.714,2025-12-16 17:18:17
JJSF,J&J Snack Foods Corp.,Consumer Defensive,Packaged Foods,1834832256,94.25,251016,167.49,80.67,248373,28.050596,3.37,0.355,2025-12-16 17:18:15
DV,"DoubleVerify Holdings, Inc.",Communication Services,Advertising Agencies,1827729024,11.17,1860523,23.11,7.64,3418366,42.96154,0.0,0.99,2025-12-16 17:20:18
FDP,Fresh Del Monte Produce Inc.,Consumer Defensive,Farm Products,1823527424,38.01,232788,40.75,26.5,307041,23.176828,3.11,0.267,2025-12-16 17:18:14
NVTS,Navitas Semiconductor Corporation,Technology,Semiconductors,1804785024,7.83,10514816,17.79,1.52,40045084,0,0.0,3.132,2025-12-16 17:20:15
JBLU,JetBlue Airways Corporation,Industrials,Airlines,1796731008,4.94,16910003,8.31,3.34,19930347,0,0.0,1.762,2025-12-16 17:18:32
IRDM,Iridium Communications Inc.,Communication Services,Telecom Services,1790141952,16.87,2241814,34.45,15.65,2587711,14.929204,3.41,0.611,2025-12-16 17:20:13
CLDX,"Celldex Therapeutics, Inc.",Healthcare,Biotechnology,1772871936,26.68,558271,30.5,14.4,916106,0,0.0,1.135,2025-12-16 17:17:46
SEDG,"SolarEdge Technologies, Inc.",Technology,Solar,1762905472,29.48,3978634,48.6,11.0,3959125,0,0.0,1.674,2025-12-16 17:18:59
CC,The Chemours Company,Basic Materials,Specialty Chemicals,1752236800,11.69,2030235,20.12,9.13,2883790,0,2.97,1.586,2025-12-16 17:19:16
JAMF,Jamf Holding Corp.,Technology,Software - Application,1744157440,13.01,946747,16.12,7.085,3009642,0,0.0,0.464,2025-12-16 17:16:36
HUN,Huntsman Corporation,Basic Materials,Chemicals,1720146048,9.9,4787361,19.0,7.3,5497690,0,3.36,0.69,2025-12-16 17:19:21
REAL,"The RealReal, Inc.",Consumer Cyclical,Luxury Goods,1698902272,14.56,2373284,16.24,4.61,3653874,0,0.0,2.69,2025-12-16 17:20:27
CASH,"Pathward Financial, Inc.",Financial Services,Banks - Regional,1690408064,74.23,257831,86.0,64.45,204969,9.432021,0.27,0.757,2025-12-16 17:18:51
ENVX,Enovix Corporation,Industrials,Electrical Equipment & Parts,1684707456,7.74,6472964,16.49,5.27,7412196,0,0.0,2.116,2025-12-16 17:19:09
FIVN,"Five9, Inc.",Technology,Software - Infrastructure,1682427264,21.51,1499462,49.9,17.71,2066782,56.605263,0.0,1.357,2025-12-16 17:20:19
BCRX,"BioCryst Pharmaceuticals, Inc.",Healthcare,Drug Manufacturers - Specialty & Generic,1572757888,7.47,3241295,11.31,6.0,5039509,0,0.0,0.905,2025-12-16 17:17:45
PLTK,Playtika Holding Corp.,Communication Services,Electronic Gaming & Multimedia,1571913344,4.18,844530,7.58,3.31,1853161,17.416666,9.73,0.839,2025-12-16 17:20:30
CSIQ,Canadian Solar Inc.,Technology,Solar,1555095552,23.22,2245239,34.59,6.57,4588877,0,0.0,1.291,2025-12-16 17:19:02
LEG,"Leggett & Platt, Incorporated",Consumer Cyclical,"Furnishings, Fixtures & Appliances",1549391104,11.44,1189436,12.03,6.48,1959185,7.10559,1.72,0.765,2025-12-16 17:17:20
AGIO,"Agios Pharmaceuticals, Inc.",Healthcare,Biotechnology,1521407360,26.09,949565,46.0,22.24,1251533,0,0.0,0.865,2025-12-16 17:17:43
FSLY,"Fastly, Inc.",Technology,Software - Application,1519398016,10.17,2184687,12.591,4.65,4437155,0,0.0,0.973,2025-12-16 17:16:40
INVA,"Innoviva, Inc.",Healthcare,Biotechnology,1489399808,19.92,1067830,22.76,16.52,816609,12.0,0.0,0.472,2025-12-16 17:17:56
JMIA,Jumia Technologies AG,Consumer Cyclical,Internet Retail,1480575616,12.09,3269245,13.44,1.6,3015293,0,0.0,2.286,2025-12-16 17:20:26
BHVN,Biohaven Ltd.,Healthcare,Biotechnology,1463554048,11.03,1976848,44.28,7.48,3805341,0,0.0,3.586,2025-12-16 17:17:45
VITL,"Vital Farms, Inc.",Consumer Defensive,Farm Products,1441739520,32.2,3568165,53.125,28.87,1613369,24.393938,0.0,1.062,2025-12-16 17:18:17
SHLS,"Shoals Technologies Group, Inc.",Technology,Solar,1429497088,8.54,4780987,11.36,2.71,6142520,44.94737,0.0,1.705,2025-12-16 17:19:01
BY,"Byline Bancorp, Inc.",Financial Services,Banks - Regional,1407594624,30.69,142875,31.475,22.63,215682,10.960714,1.3,0.857,2025-12-16 17:18:50
JKS,"JinkoSolar Holding Co., Ltd.",Technology,Solar,1403396736,27.17,418311,31.88,13.42,701534,0,4.97,0.451,2025-12-16 17:19:02
DCOM,"Dime Community Bancshares, Inc.",Financial Services,Banks - Regional,1385305472,31.56,329003,35.1,23.25,245798,28.954126,3.17,1.126,2025-12-16 17:18:54
IMTX,Immatics N.V.,Healthcare,Biotechnology,1352704128,10.09,266184,12.41,3.3,788582,0,0.0,1.363,2025-12-16 17:17:55
OUST,"Ouster, Inc.",Technology,Electronic Components,1350117504,22.5,1238374,41.65,6.34,2677846,0,0.0,2.993,2025-12-16 17:19:06
PZZA,"Papa John's International, Inc.",Consumer Cyclical,Restaurants,1341415040,40.91,745743,55.74,30.16,1618450,35.885963,4.43,1.147,2025-12-16 17:17:10
AMPX,"Amprius Technologies, Inc.",Industrials,Electrical Equipment & Parts,1341373824,10.28,4123421,16.03,1.63,8406079,0,0.0,2.959,2025-12-16 17:19:10
SANA,"Sana Biotechnology, Inc.",Healthcare,Biotechnology,1331830528,5.0,5538804,7.3,1.26,5300234,0,0.0,1.961,2025-12-16 17:17:42
SDGR,"Schrdinger, Inc.",Healthcare,Health Information Services,1321544832,17.94,1018507,28.47,15.99,1068330,0,0.0,1.569,2025-12-16 17:17:39
ARRY,"Array Technologies, Inc.",Technology,Solar,1299883520,8.51,3619273,10.37,3.76,6689646,0,0.0,1.684,2025-12-16 17:19:00
DVAX,Dynavax Technologies Corporation,Healthcare,Drug Manufacturers - Specialty & Generic,1265841152,10.78,1566819,14.63,9.2,1620215,0,0.0,0.885,2025-12-16 17:17:49
LUCK,Lucky Strike Entertainment Corporation,Consumer Cyclical,Leisure,1243925248,8.87,147989,13.25,6.96,303387,0,2.65,0.712,2025-12-16 17:20:34
THS,"TreeHouse Foods, Inc.",Consumer Defensive,Packaged Foods,1203920000,23.84,604626,40.77,15.85,1119619,0,0.0,0.179,2025-12-16 17:18:16
PD,"PagerDuty, Inc.",Technology,Software - Application,1201013632,12.88,1383954,20.045,11.125,2238098,8.0,0.0,0.687,2025-12-16 17:20:19
AMPH,"Amphastar Pharmaceuticals, Inc.",Healthcare,Drug Manufacturers - Specialty & Generic,1190739072,25.61,388198,41.84,20.39,430833,11.331859,0.0,0.91,2025-12-16 17:20:10
UCTT,"Ultra Clean Holdings, Inc.",Technology,Semiconductor Equipment & Materials,1139669760,25.11,328345,40.1,16.66,502925,0,0.0,1.939,2025-12-16 17:20:17
CVAC,CureVac N.V.,Healthcare,Biotechnology,1085332736,4.82,1735010,5.72,2.475,882230,7.19403,0.0,1.771,2025-12-16 17:17:47
NBTX,Nanobiotix S.A.,Healthcare,Biotechnology,1076166656,22.32,15751,30.35,2.82,103041,0,0.0,0.476,2025-12-16 17:18:05
NTLA,"Intellia Therapeutics, Inc.",Healthcare,Biotechnology,1056368960,9.12,2495959,28.25,5.9,7935326,0,0.0,2.135,2025-12-16 17:17:39
YEXT,"Yext, Inc.",Technology,Software - Infrastructure,1048745216,8.51,567576,9.2,5.51,900403,Infinity,0.0,0.911,2025-12-16 17:20:22
CDNA,"CareDx, Inc",Healthcare,Diagnostics & Research,1030473728,19.36,713304,25.95,10.96,1125679,15.125001,0.0,2.544,2025-12-16 17:17:41
RPD,"Rapid7, Inc.",Technology,Software - Infrastructure,1028702976,15.71,893934,42.09,13.21,1113823,44.885715,0.0,0.844,2025-12-16 17:16:49
NKTR,Nektar Therapeutics,Healthcare,Biotechnology,999992448,49.16,4343443,66.92,6.45,827746,0,0.0,1.281,2025-12-16 17:18:05
ERAS,"Erasca, Inc.",Healthcare,Biotechnology,998665536,3.52,5046268,3.8,1.01,1932152,0,0.0,1.169,2025-12-16 17:17:51
EVGO,"EVgo, Inc.",Consumer Cyclical,Specialty Retail,957826240,3.11,2459157,5.18,2.195,4009319,0,0.0,2.373,2025-12-16 17:19:05
OPFI,OppFi Inc.,Financial Services,Credit Services,956875136,10.96,477546,17.728,6.81,764306,156.57143,0.0,1.711,2025-12-16 17:18:44
CFFN,"Capitol Federal Financial, Inc.",Financial Services,Banks - Regional,924985344,7.1,1336906,7.205,4.9,742771,13.653847,4.88,0.675,2025-12-16 17:18:52
FUBO,fuboTV Inc.,Communication Services,Broadcasting,918501184,2.68,7881937,6.45,1.21,14741528,8.375,0.0,1.919,2025-12-16 17:20:33
EQBK,"Equity Bancshares, Inc.",Financial Services,Banks - Regional,907091328,47.2,50713,47.91,34.11,84963,43.302753,1.53,0.889,2025-12-16 17:18:55
IOVA,"Iovance Biotherapeutics, Inc.",Healthcare,Biotechnology,893177920,2.25,13383464,8.15,1.64,13834292,0,0.0,0.826,2025-12-16 17:17:56
BJRI,"BJ's Restaurants, Inc.",Consumer Cyclical,Restaurants,890940736,40.27,419964,47.02,28.46,497592,29.610294,0.0,1.315,2025-12-16 17:17:08
TBPH,"Theravance Biopharma, Inc.",Healthcare,Biotechnology,888287744,17.53,464990,20.33,7.9,429423,30.754387,0.0,0.143,2025-12-16 17:17:35
JBSS,"John B. Sanfilippo & Son, Inc.",Consumer Defensive,Packaged Foods,887292480,76.2,41973,91.26,58.47,70360,13.558719,1.17,0.376,2025-12-16 17:18:09
SLDP,"Solid Power, Inc.",Consumer Cyclical,Auto Parts,884439168,4.63,5051040,8.86,0.68,14286212,0,0.0,1.881,2025-12-16 17:19:03
JANX,"Janux Therapeutics, Inc.",Healthcare,Biotechnology,881165376,14.65,2295443,62.3,14.595,1538271,0,0.0,2.814,2025-12-16 17:17:57
ARVN,"Arvinas, Inc.",Healthcare,Biotechnology,873669312,11.9,941001,21.0,5.9,2414152,0,0.0,2.453,2025-12-16 17:17:43
WOOF,"Petco Health and Wellness Company, Inc.",Consumer Cyclical,Specialty Retail,857794560,3.05,1326653,4.67,2.28,2648141,0,0.0,1.711,2025-12-16 17:20:29
DAWN,"Day One Biopharmaceuticals, Inc.",Healthcare,Biotechnology,847072896,8.25,5278612,13.53,5.635,2278993,0,0.0,-1.276,2025-12-16 17:17:49
BALY,Bally's Corporation,Consumer Cyclical,Resorts & Casinos,839689280,17.08,197348,22.41,8.455,188431,0,0.0,0.0,2025-12-16 17:20:32
EPC,Edgewell Personal Care Company,Consumer Defensive,Household & Personal Products,825204992,17.76,413416,35.72,15.88,723403,33.509438,3.42,0.61,2025-12-16 17:18:14
CARS,Cars.com Inc.,Communication Services,Internet Content & Information,817839552,13.31,771132,19.0,9.56,874569,28.934784,0.0,1.447,2025-12-16 17:17:19
INDI,"indie Semiconductor, Inc.",Technology,Semiconductor Equipment & Materials,806392768,3.98,2575836,6.05,1.53,4540814,0,0.0,2.592,2025-12-16 17:20:05
RSKD,Riskified Ltd.,Technology,Software - Application,802231808,4.89,239878,5.995,3.94,536231,0,0.0,1.348,2025-12-16 17:20:28
SENEA,Seneca Foods Corporation,Consumer Defensive,Packaged Foods,762521792,110.67,77966,129.03,70.58,72984,12.82387,0.0,0.105,2025-12-16 17:18:15
CTMX,"CytomX Therapeutics, Inc.",Healthcare,Biotechnology,720100416,4.25,2607149,4.62,0.4,3488157,14.166666,0.0,2.369,2025-12-16 17:17:47
TREE,"LendingTree, Inc.",Financial Services,Financial Conglomerates,703494016,51.46,122502,77.35,33.5,243458,48.547173,0.0,2.097,2025-12-16 17:18:44
LYEL,"Lyell Immunopharma, Inc.",Healthcare,Biotechnology,693402624,32.64,55850,35.155,7.65,50260,0,0.0,-0.11,2025-12-16 17:18:02
BTBT,"Bit Digital, Inc.",Financial Services,Capital Markets,679717056,2.1,26774714,4.55,1.69,38207387,3.181818,0.0,4.3,2025-12-16 17:18:45
KROS,"Keros Therapeutics, Inc.",Healthcare,Biotechnology,655934464,21.53,432471,22.55,9.12,996273,13.801283,0.0,0.897,2025-12-16 17:17:57
SHEN,Shenandoah Telecommunications Company,Communication Services,Telecom Services,652738880,11.89,517992,15.84,9.67,318639,0,0.92,0.793,2025-12-16 17:17:18
EGBN,"Eagle Bancorp, Inc.",Financial Services,Banks - Regional,649337024,21.38,294112,29.47,15.03,500322,0,2.38,1.059,2025-12-16 17:18:55
GRPN,"Groupon, Inc.",Communication Services,Internet Content & Information,646778752,15.87,785013,43.08,9.21,1301625,0,0.0,0.07,2025-12-16 17:20:23
MYGN,"Myriad Genetics, Inc.",Healthcare,Diagnostics & Research,641310400,6.88,776625,15.47,3.76,1173603,0,0.0,1.815,2025-12-16 17:18:04
PLAY,"Dave & Buster's Entertainment, Inc.",Communication Services,Entertainment,641238080,18.49,1280094,35.53,13.04,1533992,0,0.0,1.77,2025-12-16 17:17:06
KRUS,"Kura Sushi USA, Inc.",Consumer Cyclical,Restaurants,629433536,51.97,351591,106.6,40.03,325557,0,0.0,1.716,2025-12-16 17:17:09
CMPS,COMPASS Pathways plc,Healthcare,Medical Care Facilities,613548864,6.39,869730,7.13,2.25,1785138,0,0.0,1.944,2025-12-16 17:17:47
PACB,"Pacific Biosciences of California, Inc.",Healthcare,Medical Devices,609852992,2.02,5724365,2.73,0.85,8816444,0,0.0,2.32,2025-12-16 17:17:40
AOSL,Alpha and Omega Semiconductor Limited,Technology,Semiconductors,606339456,20.17,297312,46.65,15.9,327819,0,0.0,1.935,2025-12-16 17:20:10
AXTI,"AXT, Inc.",Technology,Semiconductor Equipment & Materials,606101184,13.0,5315527,16.9,1.13,3103595,0,0.0,1.973,2025-12-16 17:20:10
ICHR,"Ichor Holdings, Ltd.",Technology,Semiconductor Equipment & Materials,603787072,17.56,421265,35.56,13.12,951650,0,0.0,1.818,2025-12-16 17:20:13
BLMN,"Bloomin' Brands, Inc.",Consumer Cyclical,Restaurants,580328384,6.81,1504949,13.09,5.9,2171004,18.405405,8.57,1.131,2025-12-16 17:17:07
MGPI,"MGP Ingredients, Inc.",Consumer Defensive,Beverages - Wineries & Distilleries,546199168,25.65,363820,44.57,21.67,293444,0,1.87,0.385,2025-12-16 17:18:15
IMAB,NovaBridge Biosciences,Healthcare,Biotechnology,533681856,4.15,628501,6.79,0.595,1771814,0,0.0,1.458,2025-12-16 17:17:53
SCVL,"Shoe Carnival, Inc.",Consumer Cyclical,Apparel Retail,523135648,19.11,588580,36.94,15.21,465050,9.1,3.16,1.317,2025-12-16 17:17:05
LENZ,"LENZ Therapeutics, Inc.",Healthcare,Biotechnology,522542496,16.7,1629844,50.4,15.7,1140330,0,0.0,0.0,2025-12-16 17:17:59
DIN,"Dine Brands Global, Inc.",Consumer Cyclical,Restaurants,520743872,33.86,314060,35.34,18.63,525687,15.116072,2.2,0.919,2025-12-16 17:17:07
BYND,"Beyond Meat, Inc.",Consumer Defensive,Packaged Foods,498927200,1.1,45918910,7.69,0.5,200530203,0,0.0,2.519,2025-12-16 17:18:18
CLNE,Clean Energy Fuels Corp.,Energy,Oil & Gas Refining & Marketing,497813248,2.27,969929,3.67,1.3,1375411,0,0.0,2.289,2025-12-16 17:19:01
CBNK,"Capital Bancorp, Inc.",Financial Services,Banks - Regional,497008736,29.97,52893,36.4,24.69,50376,10.228668,1.48,0.681,2025-12-16 17:18:52
LE,"Lands' End, Inc.",Consumer Cyclical,Apparel Retail,468042368,15.32,102113,17.12,7.65,189123,41.405403,0.0,2.208,2025-12-16 17:17:06
EOLS,"Evolus, Inc.",Healthcare,Drug Manufacturers - Specialty & Generic,467998816,7.22,641540,17.12,5.71,1283160,0,0.0,0.873,2025-12-16 17:17:50
WOLF,"Wolfspeed, Inc.",Technology,Semiconductors,462180160,17.85,666594,36.6,8.05,4070865,0,0.0,0.0,2025-12-16 17:20:17
BMRC,Bank of Marin Bancorp,Financial Services,Banks - Regional,447913760,27.83,69600,28.48,19.14,78082,44.887096,3.6,0.836,2025-12-16 17:18:48
BBBY,"Bed Bath & Beyond, Inc.",N/A,N/A,444762880,6.46,1209945,12.65,3.54,2160376,0,0.0,0.0,2025-12-16 17:17:01
LXRX,"Lexicon Pharmaceuticals, Inc.",Healthcare,Biotechnology,436078624,1.2,1677679,1.66,0.28,2280112,0,0.0,0.97,2025-12-16 17:18:01
FCEL,"FuelCell Energy, Inc.",Industrials,Electrical Equipment & Parts,403816096,8.47,1810288,13.98,3.58,3761538,0,0.0,1.166,2025-12-16 17:18:59
CVGW,"Calavo Growers, Inc.",Consumer Defensive,Food Distribution,389559520,21.82,170774,28.72,18.4,253273,29.093332,3.72,0.372,2025-12-16 17:18:13
BGS,"B&G Foods, Inc.",Consumer Defensive,Packaged Foods,379217760,4.74,1021986,8.06,3.67,2383217,0,16.17,0.428,2025-12-16 17:18:12
RCKT,"Rocket Pharmaceuticals, Inc.",Healthcare,Biotechnology,371202240,3.43,1840592,13.35,2.19,2477739,0,0.0,0.655,2025-12-16 17:17:42
IMMP,Immutep Limited,Healthcare,Biotechnology,366508160,2.49,242027,3.53,1.32,655698,0,0.0,1.839,2025-12-16 17:17:54
LWAY,"Lifeway Foods, Inc.",Consumer Defensive,Packaged Foods,362140000,23.78,41522,34.2,19.5,132722,32.135136,0.0,0.02,2025-12-16 17:18:10
LOCO,"El Pollo Loco Holdings, Inc.",Consumer Cyclical,Restaurants,342248096,11.41,382257,12.76,8.29,272306,12.965909,0.0,0.905,2025-12-16 17:17:09
HDSN,"Hudson Technologies, Inc.",Basic Materials,Specialty Chemicals,323582624,7.41,437326,10.52,5.11,363917,14.529411,0.0,0.801,2025-12-16 17:19:12
HYLN,Hyliion Holdings Corp.,Consumer Cyclical,Auto Parts,320273088,1.82,727139,2.92,1.11,1652114,0,0.0,2.508,2025-12-16 17:20:02
LRMR,"Larimar Therapeutics, Inc.",Healthcare,Biotechnology,320108064,3.74,928473,5.37,1.61,2627247,0,0.0,1.054,2025-12-16 17:18:01
DENN,Denny's Corporation,Consumer Cyclical,Restaurants,319808768,6.21,516537,7.66,2.85,2121803,31.05,0.0,1.43,2025-12-16 17:17:09
FENC,Fennec Pharmaceuticals Inc.,Healthcare,Biotechnology,260249632,7.62,147101,9.92,4.68,127957,0,0.0,0.751,2025-12-16 17:17:51
GCO,Genesco Inc.,Consumer Cyclical,Apparel Retail,258550432,23.95,132734,44.8,16.19,133284,0,0.0,1.753,2025-12-16 17:17:05
EDIT,"Editas Medicine, Inc.",Healthcare,Biotechnology,245022832,2.51,1348182,4.537,0.91,2513566,0,0.0,2.44,2025-12-16 17:17:39
CCCC,"C4 Therapeutics, Inc.",Healthcare,Biotechnology,219026576,2.26,1090321,4.438,1.085,1988285,0,0.0,2.886,2025-12-16 17:17:46
LPRO,Open Lending Corporation,Financial Services,Credit Services,210377200,1.78,487944,6.75,0.7,659301,0,0.0,2.036,2025-12-16 17:18:44
ARCT,Arcturus Therapeutics Holdings Inc.,Healthcare,Biotechnology,202581392,7.13,493672,24.17,5.85,1323479,0,0.0,2.101,2025-12-16 17:17:43
PLBY,"Playboy, Inc.",Consumer Cyclical,Leisure,187497840,1.74,613179,2.53,0.9,666304,0,0.0,2.629,2025-12-16 17:20:34
CHPT,"ChargePoint Holdings, Inc.",Consumer Cyclical,Specialty Retail,180000000,7.61,944851,26.0,7.303,501823,0,0.0,1.434,2025-12-16 17:19:04
HCAT,"Health Catalyst, Inc.",Healthcare,Health Information Services,172583344,2.44,519511,8.0,2.015,637785,0,0.0,1.729,2025-12-16 17:17:36
SPWR,SunPower Inc.,Technology,Solar,162432416,1.68,1040032,2.5,1.19,2274201,0,0.0,0.796,2025-12-16 17:19:02
SGMO,"Sangamo Therapeutics, Inc.",Healthcare,Biotechnology,148394080,0.44,2114135,2.84,0.38,6520450,0,0.0,1.415,2025-12-16 17:17:42
STEM,"Stem, Inc.",Utilities,Utilities - Renewable,146744736,17.49,136836,33.6,5.82,352430,0,0.0,1.444,2025-12-16 17:19:06
MRSN,"Mersana Therapeutics, Inc.",Healthcare,Biotechnology,145188688,29.05,61846,53.0,5.21,114168,0,0.0,0.443,2025-12-16 17:18:04
EHTH,"eHealth, Inc.",Financial Services,Insurance Brokers,131673280,4.28,259363,11.36,3.18,338052,26.750002,0.0,1.268,2025-12-16 17:17:36
ATRA,"Atara Biotherapeutics, Inc.",Healthcare,Biotechnology,126755928,17.58,62155,18.705,5.005,64780,6.1468534,0.0,-0.406,2025-12-16 17:17:43
FATE,"Fate Therapeutics, Inc.",Healthcare,Biotechnology,125734000,1.09,1620636,2.02,0.66,2110733,0,0.0,2.345,2025-12-16 17:17:39
LPTX,Cypherpunk Technologies Inc.,Healthcare,Biotechnology,116136272,1.22,2815186,3.6999,0.2223,23568228,0,0.0,0.086,2025-12-16 17:18:00
BLNK,Blink Charging Co.,Industrials,Engineering & Construction,115248112,0.82,4429218,2.65,0.63,5496477,0,0.0,1.892,2025-12-16 17:19:04
KPTI,Karyopharm Therapeutics Inc.,Healthcare,Biotechnology,107932040,6.33,147807,12.45,3.51,196223,0,0.0,0.231,2025-12-16 17:17:57
HAIN,"The Hain Celestial Group, Inc.",Consumer Defensive,Packaged Foods,100529608,1.11,1265464,7.58,1.0,1825842,0,0.0,0.611,2025-12-16 17:18:14
HURC,"Hurco Companies, Inc.",Industrials,Specialty Industrial Machinery,96035936,15.0,21443,23.45,13.19,27866,0,0.0,0.661,2025-12-16 17:19:54
MGNX,"MacroGenics, Inc.",Healthcare,Biotechnology,85399016,1.35,2430296,3.6,0.99,954203,0,0.0,1.519,2025-12-16 17:18:03
SKLZ,Skillz Inc.,Communication Services,Electronic Gaming & Multimedia,79436552,5.19,91865,9.11,3.54,66282,0,0.0,2.945,2025-12-16 17:20:34
CATO,The Cato Corporation,Consumer Cyclical,Apparel Retail,62405596,3.16,120329,4.92,2.19,57876,0,0.0,0.606,2025-12-16 17:17:03
MAXN,"Maxeon Solar Technologies, Ltd.",Technology,Solar,56047436,3.31,41693,9.05,2.49,88198,0.095499136,0.0,1.053,2025-12-16 17:19:03
ORGN,"Origin Materials, Inc.",Basic Materials,Chemicals,54338372,0.36,1916231,1.36,0.351,1111104,0,0.0,0.936,2025-12-16 17:20:06
FGEN,"FibroGen, Inc.",Healthcare,Biotechnology,38472184,9.51,47543,21.95,4.85,33668,0,0.0,0.752,2025-12-16 17:17:52
LTRN,Lantern Pharma Inc.,Healthcare,Biotechnology,37244128,3.33,69713,6.118,2.55,118719,0,0.0,1.603,2025-12-16 17:18:01
DYAI,"Dyadic International, Inc.",Healthcare,Biotechnology,32901948,0.91,79164,2.2,0.71,251339,0,0.0,1.233,2025-12-16 17:17:50
BEEM,Beam Global,Technology,Solar,32540182,1.71,140402,4.04,1.33,974325,0,0.0,1.536,2025-12-16 17:19:10
FLUX,"Flux Power Holdings, Inc.",Industrials,Electrical Equipment & Parts,30516394,1.43,235148,7.55,1.15,692466,0,0.0,1.731,2025-12-16 17:19:11
PRTS,"CarParts.com, Inc.",Consumer Cyclical,Auto Parts,25837254,0.39,1794400,1.42,0.3724,885003,0,0.0,0.831,2025-12-16 17:20:27
LAZR,"Luminar Technologies, Inc.",Consumer Cyclical,Auto Parts,24369890,0.31,28379639,10.4,0.3,8839053,0,0.0,1.475,2025-12-16 17:19:06
REE,REE Automotive Ltd.,Consumer Cyclical,Auto Parts,19990404,0.7,111436,11.07,0.53,434844,0,0.0,2.727,2025-12-16 17:19:08
ATHA,"Athira Pharma, Inc.",Healthcare,Biotechnology,15302457,3.88,14895,6.08,2.2,31257,0,0.0,2.958,2025-12-16 17:20:10
COCP,"Cocrystal Pharma, Inc.",Healthcare,Biotechnology,13560764,0.98,102713,3.26,0.9,192050,0,0.0,1.046,2025-12-16 17:17:47
WKHS,Workhorse Group Inc.,Consumer Cyclical,Auto Manufacturers,12411073,5.72,196639,139.65,5.4023,246387,0.07310838,0.0,2.334,2025-12-16 17:20:00
SEED,Origin Agritech Limited,Basic Materials,Agricultural Inputs,10749456,1.37,7714,2.7,0.74,1132917,0,0.0,1.811,2025-12-16 17:20:28
IMRN,Immuron Limited,Healthcare,Biotechnology,8436847,0.96,77483,2.483,0.9149,563904,0,0.0,0.602,2025-12-16 17:17:54
GOEV,Canoo Inc.,Consumer Cyclical,Auto Manufacturers,5359820,0.37,0,3.376,0.32,0,0,0.0,0.0,2025-12-16 17:20:00
